10:56:55.709 [main] INFO  c.browserstack.BrowserStackJavaAgent - Selenium version detected - 4.21.0
10:56:55.714 [main] INFO  c.browserstack.BrowserStackJavaAgent - Appium version detected - 9.2.1
10:56:55.992 [main] DEBUG c.b.config.BrowserStackConfig - Cli Config passed - {}
10:56:55.997 [main] INFO  c.browserstack.utils.UtilityMethods - BrowserStack Yml Detected : C:\Users\yatharth.dubey\mobileAutomation_new\demo\browserstack.yml
10:56:57.570 [main] INFO  c.browserstack.BrowserStackJavaAgent - Framework set to cucumber
10:57:01.456 [main] WARN  c.b.config.BrowserStackConfig - Test Observability could not be enabled. Your cucumber-core dependency version is 6.8.1 which is lower than the minimum version we currently support (7.3.0).
10:57:01.461 [main] WARN  c.b.config.BrowserStackConfig - Test Observability could not be enabled because framework detected is cucumber. We currently support frameworks testng, cucumber-testng & serenity
10:57:02.049 [main] INFO  c.browserstack.BrowserStackJavaAgent - Project and debug logs are captured by default. To disable, set disableAutoCaptureLogs: true in config.
10:57:05.143 [main] INFO  c.browserstack.BrowserStackJavaAgent - Starting BrowserStack Local......
10:57:19.475 [main] INFO  com.browserstack.LocalFactory - BrowserStack Local Started Successfully.
10:57:22.101 [main] DEBUG c.b.config.BrowserStackConfig - Cli Config passed - {}
10:57:22.112 [main] INFO  c.browserstack.utils.UtilityMethods - BrowserStack Yml Detected : C:\Users\yatharth.dubey\mobileAutomation_new\demo\browserstack.yml
10:57:22.197 [main] DEBUG c.b.config.BrowserStackConfig - Cli Config passed - {}
10:57:22.210 [main] INFO  c.browserstack.utils.UtilityMethods - BrowserStack Yml Detected : C:\Users\yatharth.dubey\mobileAutomation_new\demo\browserstack.yml
10:57:22.247 [main] DEBUG c.b.config.BrowserStackConfig - Cli Config passed - {}
10:57:22.261 [main] INFO  c.browserstack.utils.UtilityMethods - BrowserStack Yml Detected : C:\Users\yatharth.dubey\mobileAutomation_new\demo\browserstack.yml
10:57:26.785 [main] INFO  c.browserstack.BrowserStackJavaAgent - Project and debug logs are captured by default. To disable, set disableAutoCaptureLogs: true in config.
10:57:26.849 [main] INFO  c.browserstack.BrowserStackJavaAgent - Project and debug logs are captured by default. To disable, set disableAutoCaptureLogs: true in config.
10:57:26.862 [main] INFO  c.browserstack.BrowserStackJavaAgent - Project and debug logs are captured by default. To disable, set disableAutoCaptureLogs: true in config.
10:57:27.027 [main] WARN  c.b.config.BrowserStackConfig - Test Observability could not be enabled. Your cucumber-core dependency version is 6.8.1 which is lower than the minimum version we currently support (7.3.0).
10:57:27.027 [main] WARN  c.b.config.BrowserStackConfig - Test Observability could not be enabled because framework detected is cucumber. We currently support frameworks testng, cucumber-testng & serenity
10:57:27.289 [main] WARN  c.b.config.BrowserStackConfig - Test Observability could not be enabled. Your cucumber-core dependency version is 6.8.1 which is lower than the minimum version we currently support (7.3.0).
10:57:27.290 [main] WARN  c.b.config.BrowserStackConfig - Test Observability could not be enabled because framework detected is cucumber. We currently support frameworks testng, cucumber-testng & serenity
10:57:27.433 [main] WARN  c.b.config.BrowserStackConfig - Test Observability could not be enabled. Your cucumber-core dependency version is 6.8.1 which is lower than the minimum version we currently support (7.3.0).
10:57:27.433 [main] WARN  c.b.config.BrowserStackConfig - Test Observability could not be enabled because framework detected is cucumber. We currently support frameworks testng, cucumber-testng & serenity
11:00:16.470 [Thread-0] INFO  c.browserstack.utils.UtilityMethods - View build on BrowserStack dashboard: https://automate.browserstack.com/dashboard/v2/builds/a92f0aa95ef128c2a135f03881abf6ade941013e
11:00:16.470 [Thread-0] INFO  c.b.config.BrowserStackConfig - INFO
11:00:45.060 [main] INFO  c.browserstack.BrowserStackJavaAgent - Selenium version detected - 4.21.0
11:00:45.063 [main] INFO  c.browserstack.BrowserStackJavaAgent - Appium version detected - 9.2.1
11:00:45.369 [main] DEBUG c.b.config.BrowserStackConfig - Cli Config passed - {}
11:00:45.371 [main] INFO  c.browserstack.utils.UtilityMethods - BrowserStack Yml Detected : C:\Users\yatharth.dubey\mobileAutomation_new\demo\browserstack.yml
11:00:46.757 [main] INFO  c.browserstack.BrowserStackJavaAgent - Framework set to cucumber
11:00:50.830 [main] WARN  c.b.config.BrowserStackConfig - Test Observability could not be enabled. Your cucumber-core dependency version is 6.8.1 which is lower than the minimum version we currently support (7.3.0).
11:00:50.831 [main] WARN  c.b.config.BrowserStackConfig - Test Observability could not be enabled because framework detected is cucumber. We currently support frameworks testng, cucumber-testng & serenity
11:00:51.434 [main] INFO  c.browserstack.BrowserStackJavaAgent - Project and debug logs are captured by default. To disable, set disableAutoCaptureLogs: true in config.
11:00:54.504 [main] INFO  c.browserstack.BrowserStackJavaAgent - Starting BrowserStack Local......
11:01:06.571 [main] INFO  com.browserstack.LocalFactory - BrowserStack Local Started Successfully.
11:01:08.880 [main] DEBUG c.b.config.BrowserStackConfig - Cli Config passed - {}
11:01:08.891 [main] INFO  c.browserstack.utils.UtilityMethods - BrowserStack Yml Detected : C:\Users\yatharth.dubey\mobileAutomation_new\demo\browserstack.yml
11:01:08.959 [main] DEBUG c.b.config.BrowserStackConfig - Cli Config passed - {}
11:01:08.964 [main] DEBUG c.b.config.BrowserStackConfig - Cli Config passed - {}
11:01:08.975 [main] INFO  c.browserstack.utils.UtilityMethods - BrowserStack Yml Detected : C:\Users\yatharth.dubey\mobileAutomation_new\demo\browserstack.yml
11:01:08.977 [main] INFO  c.browserstack.utils.UtilityMethods - BrowserStack Yml Detected : C:\Users\yatharth.dubey\mobileAutomation_new\demo\browserstack.yml
11:01:14.862 [main] INFO  c.browserstack.BrowserStackJavaAgent - Project and debug logs are captured by default. To disable, set disableAutoCaptureLogs: true in config.
11:01:14.865 [main] INFO  c.browserstack.BrowserStackJavaAgent - Project and debug logs are captured by default. To disable, set disableAutoCaptureLogs: true in config.
11:01:15.177 [main] WARN  c.b.config.BrowserStackConfig - Test Observability could not be enabled. Your cucumber-core dependency version is 6.8.1 which is lower than the minimum version we currently support (7.3.0).
11:01:15.177 [main] WARN  c.b.config.BrowserStackConfig - Test Observability could not be enabled because framework detected is cucumber. We currently support frameworks testng, cucumber-testng & serenity
11:01:15.199 [main] WARN  c.b.config.BrowserStackConfig - Test Observability could not be enabled. Your cucumber-core dependency version is 6.8.1 which is lower than the minimum version we currently support (7.3.0).
11:01:15.200 [main] WARN  c.b.config.BrowserStackConfig - Test Observability could not be enabled because framework detected is cucumber. We currently support frameworks testng, cucumber-testng & serenity
11:01:15.328 [main] INFO  c.browserstack.BrowserStackJavaAgent - Project and debug logs are captured by default. To disable, set disableAutoCaptureLogs: true in config.
11:01:16.026 [main] WARN  c.b.config.BrowserStackConfig - Test Observability could not be enabled. Your cucumber-core dependency version is 6.8.1 which is lower than the minimum version we currently support (7.3.0).
11:01:16.027 [main] WARN  c.b.config.BrowserStackConfig - Test Observability could not be enabled because framework detected is cucumber. We currently support frameworks testng, cucumber-testng & serenity
11:04:33.678 [Thread-0] INFO  c.browserstack.utils.UtilityMethods - View build on BrowserStack dashboard: https://automate.browserstack.com/dashboard/v2/builds/2668f0e81975a606977df0619c200c93b06f37ef
11:04:33.678 [Thread-0] INFO  c.b.config.BrowserStackConfig - INFO
17:39:43.479 [main] INFO  c.browserstack.BrowserStackJavaAgent - Selenium version detected - 4.21.0
17:39:43.489 [main] INFO  c.browserstack.BrowserStackJavaAgent - Appium version detected - 9.2.1
17:39:43.796 [main] DEBUG c.b.config.BrowserStackConfig - Cli Config passed - {}
17:39:43.799 [main] INFO  c.browserstack.utils.UtilityMethods - BrowserStack Yml Detected : C:\Users\yatharth.dubey\mobileAutomation_new\demo\browserstack.yml
17:39:44.854 [main] INFO  c.browserstack.BrowserStackJavaAgent - Framework set to cucumber
17:39:49.003 [main] WARN  c.b.config.BrowserStackConfig - Test Observability could not be enabled. Your cucumber-core dependency version is 6.8.1 which is lower than the minimum version we currently support (7.3.0).
17:39:49.004 [main] WARN  c.b.config.BrowserStackConfig - Test Observability could not be enabled because framework detected is cucumber. We currently support frameworks testng, cucumber-testng & serenity
17:39:49.538 [main] INFO  c.browserstack.BrowserStackJavaAgent - Project and debug logs are captured by default. To disable, set disableAutoCaptureLogs: true in config.
17:39:52.986 [main] INFO  c.browserstack.BrowserStackJavaAgent - Starting BrowserStack Local......
17:40:02.599 [main] INFO  com.browserstack.LocalFactory - BrowserStack Local Started Successfully.
17:40:04.913 [main] DEBUG c.b.config.BrowserStackConfig - Cli Config passed - {}
17:40:04.923 [main] INFO  c.browserstack.utils.UtilityMethods - BrowserStack Yml Detected : C:\Users\yatharth.dubey\mobileAutomation_new\demo\browserstack.yml
17:40:04.969 [main] DEBUG c.b.config.BrowserStackConfig - Cli Config passed - {}
17:40:04.978 [main] INFO  c.browserstack.utils.UtilityMethods - BrowserStack Yml Detected : C:\Users\yatharth.dubey\mobileAutomation_new\demo\browserstack.yml
17:40:04.983 [main] DEBUG c.b.config.BrowserStackConfig - Cli Config passed - {}
17:40:04.995 [main] INFO  c.browserstack.utils.UtilityMethods - BrowserStack Yml Detected : C:\Users\yatharth.dubey\mobileAutomation_new\demo\browserstack.yml
17:40:10.526 [main] INFO  c.browserstack.BrowserStackJavaAgent - Project and debug logs are captured by default. To disable, set disableAutoCaptureLogs: true in config.
17:40:10.543 [main] INFO  c.browserstack.BrowserStackJavaAgent - Project and debug logs are captured by default. To disable, set disableAutoCaptureLogs: true in config.
17:40:10.579 [main] INFO  c.browserstack.BrowserStackJavaAgent - Project and debug logs are captured by default. To disable, set disableAutoCaptureLogs: true in config.
17:40:10.911 [main] WARN  c.b.config.BrowserStackConfig - Test Observability could not be enabled. Your cucumber-core dependency version is 6.8.1 which is lower than the minimum version we currently support (7.3.0).
17:40:10.912 [main] WARN  c.b.config.BrowserStackConfig - Test Observability could not be enabled because framework detected is cucumber. We currently support frameworks testng, cucumber-testng & serenity
17:40:10.979 [main] WARN  c.b.config.BrowserStackConfig - Test Observability could not be enabled. Your cucumber-core dependency version is 6.8.1 which is lower than the minimum version we currently support (7.3.0).
17:40:10.980 [main] WARN  c.b.config.BrowserStackConfig - Test Observability could not be enabled because framework detected is cucumber. We currently support frameworks testng, cucumber-testng & serenity
17:40:11.108 [main] WARN  c.b.config.BrowserStackConfig - Test Observability could not be enabled. Your cucumber-core dependency version is 6.8.1 which is lower than the minimum version we currently support (7.3.0).
17:40:11.108 [main] WARN  c.b.config.BrowserStackConfig - Test Observability could not be enabled because framework detected is cucumber. We currently support frameworks testng, cucumber-testng & serenity
17:42:46.541 [Thread-0] INFO  c.browserstack.utils.UtilityMethods - View build on BrowserStack dashboard: https://automate.browserstack.com/dashboard/v2/builds/007dbb254ec6dd7873c3d6ba44379fe13de4c59d
17:42:46.541 [Thread-0] INFO  c.b.config.BrowserStackConfig - INFO
17:52:04.090 [main] INFO  c.browserstack.BrowserStackJavaAgent - Selenium version detected - 4.21.0
17:52:04.095 [main] INFO  c.browserstack.BrowserStackJavaAgent - Appium version detected - 9.2.1
17:52:04.472 [main] DEBUG c.b.config.BrowserStackConfig - Cli Config passed - {}
17:52:04.474 [main] INFO  c.browserstack.utils.UtilityMethods - BrowserStack Yml Detected : C:\Users\yatharth.dubey\mobileAutomation_new\demo\browserstack.yml
17:52:05.889 [main] INFO  c.browserstack.BrowserStackJavaAgent - Framework set to cucumber
17:52:10.734 [main] WARN  c.b.config.BrowserStackConfig - Test Observability could not be enabled. Your cucumber-core dependency version is 6.8.1 which is lower than the minimum version we currently support (7.3.0).
17:52:10.734 [main] WARN  c.b.config.BrowserStackConfig - Test Observability could not be enabled because framework detected is cucumber. We currently support frameworks testng, cucumber-testng & serenity
17:52:11.263 [main] INFO  c.browserstack.BrowserStackJavaAgent - Project and debug logs are captured by default. To disable, set disableAutoCaptureLogs: true in config.
17:52:14.903 [main] INFO  c.browserstack.BrowserStackJavaAgent - Starting BrowserStack Local......
17:52:24.326 [main] INFO  com.browserstack.LocalFactory - BrowserStack Local Started Successfully.
17:52:26.318 [main] DEBUG c.b.config.BrowserStackConfig - Cli Config passed - {}
17:52:26.328 [main] INFO  c.browserstack.utils.UtilityMethods - BrowserStack Yml Detected : C:\Users\yatharth.dubey\mobileAutomation_new\demo\browserstack.yml
17:52:26.344 [main] DEBUG c.b.config.BrowserStackConfig - Cli Config passed - {}
17:52:26.353 [main] INFO  c.browserstack.utils.UtilityMethods - BrowserStack Yml Detected : C:\Users\yatharth.dubey\mobileAutomation_new\demo\browserstack.yml
17:52:26.443 [main] DEBUG c.b.config.BrowserStackConfig - Cli Config passed - {}
17:52:26.455 [main] INFO  c.browserstack.utils.UtilityMethods - BrowserStack Yml Detected : C:\Users\yatharth.dubey\mobileAutomation_new\demo\browserstack.yml
17:52:34.847 [main] INFO  c.browserstack.BrowserStackJavaAgent - Project and debug logs are captured by default. To disable, set disableAutoCaptureLogs: true in config.
17:52:35.036 [main] WARN  c.b.config.BrowserStackConfig - Test Observability could not be enabled. Your cucumber-core dependency version is 6.8.1 which is lower than the minimum version we currently support (7.3.0).
17:52:35.036 [main] WARN  c.b.config.BrowserStackConfig - Test Observability could not be enabled because framework detected is cucumber. We currently support frameworks testng, cucumber-testng & serenity
17:52:35.155 [main] INFO  c.browserstack.BrowserStackJavaAgent - Project and debug logs are captured by default. To disable, set disableAutoCaptureLogs: true in config.
17:52:35.464 [main] WARN  c.b.config.BrowserStackConfig - Test Observability could not be enabled. Your cucumber-core dependency version is 6.8.1 which is lower than the minimum version we currently support (7.3.0).
17:52:35.464 [main] WARN  c.b.config.BrowserStackConfig - Test Observability could not be enabled because framework detected is cucumber. We currently support frameworks testng, cucumber-testng & serenity
17:52:35.602 [main] INFO  c.browserstack.BrowserStackJavaAgent - Project and debug logs are captured by default. To disable, set disableAutoCaptureLogs: true in config.
17:52:35.966 [main] WARN  c.b.config.BrowserStackConfig - Test Observability could not be enabled. Your cucumber-core dependency version is 6.8.1 which is lower than the minimum version we currently support (7.3.0).
17:52:35.966 [main] WARN  c.b.config.BrowserStackConfig - Test Observability could not be enabled because framework detected is cucumber. We currently support frameworks testng, cucumber-testng & serenity
17:56:04.337 [Thread-0] INFO  c.browserstack.utils.UtilityMethods - View build on BrowserStack dashboard: https://automate.browserstack.com/dashboard/v2/builds/b81ba4acc0067e9cceeaeaa933262f240f949382
17:56:04.337 [Thread-0] INFO  c.b.config.BrowserStackConfig - INFO
18:26:18.299 [main] INFO  c.browserstack.BrowserStackJavaAgent - Selenium version detected - 4.21.0
18:26:18.307 [main] INFO  c.browserstack.BrowserStackJavaAgent - Appium version detected - 9.2.1
18:26:18.605 [main] DEBUG c.b.config.BrowserStackConfig - Cli Config passed - {}
18:26:18.609 [main] INFO  c.browserstack.utils.UtilityMethods - BrowserStack Yml Detected : C:\Users\yatharth.dubey\mobileAutomation_new\demo\browserstack.yml
18:26:19.772 [main] INFO  c.browserstack.BrowserStackJavaAgent - Framework set to cucumber
18:26:24.219 [main] WARN  c.b.config.BrowserStackConfig - Test Observability could not be enabled. Your cucumber-core dependency version is 6.8.1 which is lower than the minimum version we currently support (7.3.0).
18:26:24.219 [main] WARN  c.b.config.BrowserStackConfig - Test Observability could not be enabled because framework detected is cucumber. We currently support frameworks testng, cucumber-testng & serenity
18:26:24.793 [main] INFO  c.browserstack.BrowserStackJavaAgent - Project and debug logs are captured by default. To disable, set disableAutoCaptureLogs: true in config.
18:26:28.300 [main] INFO  c.browserstack.BrowserStackJavaAgent - Starting Percy......
18:26:29.438 [main] INFO  com.browserstack.percy.PercyBinary - Downloading percy binary from  https://github.com/percy/cli/releases/latest/download/percy-win.zip
18:26:59.994 [Thread-6] INFO  com.browserstack.percy.Percy - Percy started successfully
18:26:59.995 [main] INFO  c.browserstack.BrowserStackJavaAgent - Starting BrowserStack Local......
18:27:11.099 [main] INFO  com.browserstack.LocalFactory - BrowserStack Local Started Successfully.
18:27:13.244 [main] DEBUG c.b.config.BrowserStackConfig - Cli Config passed - {}
18:27:13.258 [main] INFO  c.browserstack.utils.UtilityMethods - BrowserStack Yml Detected : C:\Users\yatharth.dubey\mobileAutomation_new\demo\browserstack.yml
18:27:13.276 [main] DEBUG c.b.config.BrowserStackConfig - Cli Config passed - {}
18:27:13.308 [main] INFO  c.browserstack.utils.UtilityMethods - BrowserStack Yml Detected : C:\Users\yatharth.dubey\mobileAutomation_new\demo\browserstack.yml
18:27:13.380 [main] DEBUG c.b.config.BrowserStackConfig - Cli Config passed - {}
18:27:13.389 [main] INFO  c.browserstack.utils.UtilityMethods - BrowserStack Yml Detected : C:\Users\yatharth.dubey\mobileAutomation_new\demo\browserstack.yml
18:27:17.838 [main] INFO  c.browserstack.BrowserStackJavaAgent - Project and debug logs are captured by default. To disable, set disableAutoCaptureLogs: true in config.
18:27:17.847 [main] INFO  c.browserstack.BrowserStackJavaAgent - Project and debug logs are captured by default. To disable, set disableAutoCaptureLogs: true in config.
18:27:18.058 [main] WARN  c.b.config.BrowserStackConfig - Test Observability could not be enabled. Your cucumber-core dependency version is 6.8.1 which is lower than the minimum version we currently support (7.3.0).
18:27:18.058 [main] WARN  c.b.config.BrowserStackConfig - Test Observability could not be enabled because framework detected is cucumber. We currently support frameworks testng, cucumber-testng & serenity
18:27:18.059 [main] WARN  c.b.config.BrowserStackConfig - Test Observability could not be enabled. Your cucumber-core dependency version is 6.8.1 which is lower than the minimum version we currently support (7.3.0).
18:27:18.059 [main] WARN  c.b.config.BrowserStackConfig - Test Observability could not be enabled because framework detected is cucumber. We currently support frameworks testng, cucumber-testng & serenity
18:27:18.890 [main] INFO  c.browserstack.BrowserStackJavaAgent - Project and debug logs are captured by default. To disable, set disableAutoCaptureLogs: true in config.
18:27:19.196 [main] WARN  c.b.config.BrowserStackConfig - Test Observability could not be enabled. Your cucumber-core dependency version is 6.8.1 which is lower than the minimum version we currently support (7.3.0).
18:27:19.196 [main] WARN  c.b.config.BrowserStackConfig - Test Observability could not be enabled because framework detected is cucumber. We currently support frameworks testng, cucumber-testng & serenity
18:30:45.723 [Thread-0] INFO  com.browserstack.PercyFactory - Percy stopped successfully
18:30:54.344 [Thread-0] INFO  c.browserstack.utils.UtilityMethods - View build on BrowserStack dashboard: https://automate.browserstack.com/dashboard/v2/builds/fe1cb3a56a1ffef1875b6c3d290d5191ce213b82
18:30:54.344 [Thread-0] INFO  c.b.config.BrowserStackConfig - INFO
18:40:32.624 [main] INFO  c.browserstack.BrowserStackJavaAgent - Selenium version detected - 4.21.0
18:40:32.630 [main] INFO  c.browserstack.BrowserStackJavaAgent - Appium version detected - 9.2.1
18:40:33.090 [main] DEBUG c.b.config.BrowserStackConfig - Cli Config passed - {}
18:40:33.094 [main] INFO  c.browserstack.utils.UtilityMethods - BrowserStack Yml Detected : C:\Users\yatharth.dubey\mobileAutomation_new\demo\browserstack.yml
18:40:34.920 [main] INFO  c.browserstack.BrowserStackJavaAgent - Framework set to cucumber
18:40:38.838 [main] WARN  c.b.config.BrowserStackConfig - Test Observability could not be enabled. Your cucumber-core dependency version is 6.8.1 which is lower than the minimum version we currently support (7.3.0).
18:40:38.839 [main] WARN  c.b.config.BrowserStackConfig - Test Observability could not be enabled because framework detected is cucumber. We currently support frameworks testng, cucumber-testng & serenity
18:40:39.398 [main] INFO  c.browserstack.BrowserStackJavaAgent - Project and debug logs are captured by default. To disable, set disableAutoCaptureLogs: true in config.
18:40:42.690 [main] INFO  c.browserstack.BrowserStackJavaAgent - Starting Percy......
18:41:02.870 [Thread-4] INFO  com.browserstack.percy.Percy - Percy started successfully
18:41:02.871 [main] INFO  c.browserstack.BrowserStackJavaAgent - Starting BrowserStack Local......
18:41:16.857 [main] INFO  com.browserstack.LocalFactory - BrowserStack Local Started Successfully.
18:41:20.486 [main] DEBUG c.b.config.BrowserStackConfig - Cli Config passed - {}
18:41:20.507 [main] INFO  c.browserstack.utils.UtilityMethods - BrowserStack Yml Detected : C:\Users\yatharth.dubey\mobileAutomation_new\demo\browserstack.yml
18:41:20.578 [main] DEBUG c.b.config.BrowserStackConfig - Cli Config passed - {}
18:41:20.590 [main] INFO  c.browserstack.utils.UtilityMethods - BrowserStack Yml Detected : C:\Users\yatharth.dubey\mobileAutomation_new\demo\browserstack.yml
18:41:20.707 [main] DEBUG c.b.config.BrowserStackConfig - Cli Config passed - {}
18:41:20.724 [main] INFO  c.browserstack.utils.UtilityMethods - BrowserStack Yml Detected : C:\Users\yatharth.dubey\mobileAutomation_new\demo\browserstack.yml
18:41:27.230 [main] INFO  c.browserstack.BrowserStackJavaAgent - Project and debug logs are captured by default. To disable, set disableAutoCaptureLogs: true in config.
18:41:27.625 [main] INFO  c.browserstack.BrowserStackJavaAgent - Project and debug logs are captured by default. To disable, set disableAutoCaptureLogs: true in config.
18:41:27.913 [main] WARN  c.b.config.BrowserStackConfig - Test Observability could not be enabled. Your cucumber-core dependency version is 6.8.1 which is lower than the minimum version we currently support (7.3.0).
18:41:27.914 [main] WARN  c.b.config.BrowserStackConfig - Test Observability could not be enabled because framework detected is cucumber. We currently support frameworks testng, cucumber-testng & serenity
18:41:27.961 [main] INFO  c.browserstack.BrowserStackJavaAgent - Project and debug logs are captured by default. To disable, set disableAutoCaptureLogs: true in config.
18:41:28.690 [main] WARN  c.b.config.BrowserStackConfig - Test Observability could not be enabled. Your cucumber-core dependency version is 6.8.1 which is lower than the minimum version we currently support (7.3.0).
18:41:28.690 [main] WARN  c.b.config.BrowserStackConfig - Test Observability could not be enabled because framework detected is cucumber. We currently support frameworks testng, cucumber-testng & serenity
18:41:29.907 [main] WARN  c.b.config.BrowserStackConfig - Test Observability could not be enabled. Your cucumber-core dependency version is 6.8.1 which is lower than the minimum version we currently support (7.3.0).
18:41:29.908 [main] WARN  c.b.config.BrowserStackConfig - Test Observability could not be enabled because framework detected is cucumber. We currently support frameworks testng, cucumber-testng & serenity
18:44:28.792 [Thread-0] INFO  com.browserstack.PercyFactory - Percy stopped successfully
18:44:37.039 [Thread-0] INFO  c.browserstack.utils.UtilityMethods - View build on BrowserStack dashboard: https://automate.browserstack.com/dashboard/v2/builds/c5a0b8715498077f22151349d4724c296b251d6e
18:44:37.039 [Thread-0] INFO  c.b.config.BrowserStackConfig - INFO
18:44:39.491 [main] INFO  c.browserstack.BrowserStackJavaAgent - Selenium version detected - 4.21.0
18:44:39.498 [main] INFO  c.browserstack.BrowserStackJavaAgent - Appium version detected - 9.2.1
18:44:39.842 [main] DEBUG c.b.config.BrowserStackConfig - Cli Config passed - {}
18:44:39.845 [main] INFO  c.browserstack.utils.UtilityMethods - BrowserStack Yml Detected : C:\Users\yatharth.dubey\mobileAutomation_new\demo\browserstack.yml
18:44:41.266 [main] INFO  c.browserstack.BrowserStackJavaAgent - Framework set to cucumber
18:44:45.020 [main] WARN  c.b.config.BrowserStackConfig - Test Observability could not be enabled. Your cucumber-core dependency version is 6.8.1 which is lower than the minimum version we currently support (7.3.0).
18:44:45.020 [main] WARN  c.b.config.BrowserStackConfig - Test Observability could not be enabled because framework detected is cucumber. We currently support frameworks testng, cucumber-testng & serenity
18:44:45.446 [main] INFO  c.browserstack.BrowserStackJavaAgent - Project and debug logs are captured by default. To disable, set disableAutoCaptureLogs: true in config.
18:44:48.557 [main] INFO  c.browserstack.BrowserStackJavaAgent - Starting Percy......
18:44:59.726 [Thread-4] INFO  com.browserstack.percy.Percy - Percy started successfully
18:44:59.727 [main] INFO  c.browserstack.BrowserStackJavaAgent - Starting BrowserStack Local......
18:45:11.650 [main] INFO  com.browserstack.LocalFactory - BrowserStack Local Started Successfully.
18:45:14.520 [main] DEBUG c.b.config.BrowserStackConfig - Cli Config passed - {}
18:45:14.573 [main] INFO  c.browserstack.utils.UtilityMethods - BrowserStack Yml Detected : C:\Users\yatharth.dubey\mobileAutomation_new\demo\browserstack.yml
18:45:14.723 [main] DEBUG c.b.config.BrowserStackConfig - Cli Config passed - {}
18:45:14.718 [main] DEBUG c.b.config.BrowserStackConfig - Cli Config passed - {}
18:45:14.739 [main] INFO  c.browserstack.utils.UtilityMethods - BrowserStack Yml Detected : C:\Users\yatharth.dubey\mobileAutomation_new\demo\browserstack.yml
18:45:14.744 [main] INFO  c.browserstack.utils.UtilityMethods - BrowserStack Yml Detected : C:\Users\yatharth.dubey\mobileAutomation_new\demo\browserstack.yml
18:45:20.279 [main] INFO  c.browserstack.BrowserStackJavaAgent - Project and debug logs are captured by default. To disable, set disableAutoCaptureLogs: true in config.
18:45:20.296 [main] INFO  c.browserstack.BrowserStackJavaAgent - Project and debug logs are captured by default. To disable, set disableAutoCaptureLogs: true in config.
18:45:20.298 [main] INFO  c.browserstack.BrowserStackJavaAgent - Project and debug logs are captured by default. To disable, set disableAutoCaptureLogs: true in config.
18:45:20.952 [main] WARN  c.b.config.BrowserStackConfig - Test Observability could not be enabled. Your cucumber-core dependency version is 6.8.1 which is lower than the minimum version we currently support (7.3.0).
18:45:20.952 [main] WARN  c.b.config.BrowserStackConfig - Test Observability could not be enabled because framework detected is cucumber. We currently support frameworks testng, cucumber-testng & serenity
18:45:21.003 [main] WARN  c.b.config.BrowserStackConfig - Test Observability could not be enabled. Your cucumber-core dependency version is 6.8.1 which is lower than the minimum version we currently support (7.3.0).
18:45:21.008 [main] WARN  c.b.config.BrowserStackConfig - Test Observability could not be enabled because framework detected is cucumber. We currently support frameworks testng, cucumber-testng & serenity
18:45:21.181 [main] WARN  c.b.config.BrowserStackConfig - Test Observability could not be enabled. Your cucumber-core dependency version is 6.8.1 which is lower than the minimum version we currently support (7.3.0).
18:45:21.181 [main] WARN  c.b.config.BrowserStackConfig - Test Observability could not be enabled because framework detected is cucumber. We currently support frameworks testng, cucumber-testng & serenity
18:48:40.974 [Thread-0] INFO  com.browserstack.PercyFactory - Percy stopped successfully
18:48:49.929 [Thread-0] INFO  c.browserstack.utils.UtilityMethods - View build on BrowserStack dashboard: https://automate.browserstack.com/dashboard/v2/builds/972150c456147c57e58ec4984ac6bda6696a8d6d
18:48:49.930 [Thread-0] INFO  c.b.config.BrowserStackConfig - INFO
19:04:54.401 [main] INFO  c.browserstack.BrowserStackJavaAgent - Selenium version detected - 4.21.0
19:04:54.405 [main] INFO  c.browserstack.BrowserStackJavaAgent - Appium version detected - 9.2.1
19:04:54.673 [main] DEBUG c.b.config.BrowserStackConfig - Cli Config passed - {}
19:04:54.676 [main] INFO  c.browserstack.utils.UtilityMethods - BrowserStack Yml Detected : C:\Users\yatharth.dubey\mobileAutomation_new\demo\browserstack.yml
19:04:55.532 [main] INFO  c.browserstack.BrowserStackJavaAgent - Framework set to cucumber
19:05:00.387 [main] WARN  c.b.config.BrowserStackConfig - Test Observability could not be enabled. Your cucumber-core dependency version is 6.8.1 which is lower than the minimum version we currently support (7.3.0).
19:05:00.387 [main] WARN  c.b.config.BrowserStackConfig - Test Observability could not be enabled because framework detected is cucumber. We currently support frameworks testng, cucumber-testng & serenity
19:05:00.815 [main] INFO  c.browserstack.BrowserStackJavaAgent - Project and debug logs are captured by default. To disable, set disableAutoCaptureLogs: true in config.
19:05:04.903 [main] INFO  c.browserstack.BrowserStackJavaAgent - Starting Percy......
19:05:14.290 [Thread-4] INFO  com.browserstack.percy.Percy - Percy started successfully
19:05:14.291 [main] INFO  c.browserstack.BrowserStackJavaAgent - Starting BrowserStack Local......
19:05:21.379 [main] INFO  com.browserstack.LocalFactory - BrowserStack Local Started Successfully.
19:05:23.342 [main] DEBUG c.b.config.BrowserStackConfig - Cli Config passed - {}
19:05:23.345 [main] DEBUG c.b.config.BrowserStackConfig - Cli Config passed - {}
19:05:23.351 [main] INFO  c.browserstack.utils.UtilityMethods - BrowserStack Yml Detected : C:\Users\yatharth.dubey\mobileAutomation_new\demo\browserstack.yml
19:05:23.356 [main] INFO  c.browserstack.utils.UtilityMethods - BrowserStack Yml Detected : C:\Users\yatharth.dubey\mobileAutomation_new\demo\browserstack.yml
19:05:23.432 [main] DEBUG c.b.config.BrowserStackConfig - Cli Config passed - {}
19:05:23.444 [main] INFO  c.browserstack.utils.UtilityMethods - BrowserStack Yml Detected : C:\Users\yatharth.dubey\mobileAutomation_new\demo\browserstack.yml
19:05:28.837 [main] INFO  c.browserstack.BrowserStackJavaAgent - Project and debug logs are captured by default. To disable, set disableAutoCaptureLogs: true in config.
19:05:28.918 [main] INFO  c.browserstack.BrowserStackJavaAgent - Project and debug logs are captured by default. To disable, set disableAutoCaptureLogs: true in config.
19:05:29.004 [main] WARN  c.b.config.BrowserStackConfig - Test Observability could not be enabled. Your cucumber-core dependency version is 6.8.1 which is lower than the minimum version we currently support (7.3.0).
19:05:29.004 [main] WARN  c.b.config.BrowserStackConfig - Test Observability could not be enabled because framework detected is cucumber. We currently support frameworks testng, cucumber-testng & serenity
19:05:29.066 [main] INFO  c.browserstack.BrowserStackJavaAgent - Project and debug logs are captured by default. To disable, set disableAutoCaptureLogs: true in config.
19:05:29.203 [main] WARN  c.b.config.BrowserStackConfig - Test Observability could not be enabled. Your cucumber-core dependency version is 6.8.1 which is lower than the minimum version we currently support (7.3.0).
19:05:29.203 [main] WARN  c.b.config.BrowserStackConfig - Test Observability could not be enabled because framework detected is cucumber. We currently support frameworks testng, cucumber-testng & serenity
19:05:29.480 [main] WARN  c.b.config.BrowserStackConfig - Test Observability could not be enabled. Your cucumber-core dependency version is 6.8.1 which is lower than the minimum version we currently support (7.3.0).
19:05:29.480 [main] WARN  c.b.config.BrowserStackConfig - Test Observability could not be enabled because framework detected is cucumber. We currently support frameworks testng, cucumber-testng & serenity
19:08:17.274 [Thread-0] INFO  com.browserstack.PercyFactory - Percy stopped successfully
19:08:23.135 [Thread-0] INFO  c.browserstack.utils.UtilityMethods - View build on BrowserStack dashboard: https://automate.browserstack.com/dashboard/v2/builds/fdeccb3443fc033f5116556e6237c0ef4cd3c5eb
19:08:23.135 [Thread-0] INFO  c.b.config.BrowserStackConfig - INFO
20:05:12.923 [main] INFO  c.browserstack.BrowserStackJavaAgent - Selenium version detected - 4.21.0
20:05:12.952 [main] INFO  c.browserstack.BrowserStackJavaAgent - Appium version detected - 9.2.1
20:05:13.223 [main] DEBUG c.b.config.BrowserStackConfig - Cli Config passed - {}
20:05:13.225 [main] INFO  c.browserstack.utils.UtilityMethods - BrowserStack Yml Detected : C:\Users\yatharth.dubey\mobileAutomation_new\demo\browserstack.yml
20:05:14.268 [main] INFO  c.browserstack.BrowserStackJavaAgent - Framework set to cucumber
20:05:18.811 [main] WARN  c.b.config.BrowserStackConfig - Test Observability could not be enabled. Your cucumber-core dependency version is 6.8.1 which is lower than the minimum version we currently support (7.3.0).
20:05:18.811 [main] WARN  c.b.config.BrowserStackConfig - Test Observability could not be enabled because framework detected is cucumber. We currently support frameworks testng, cucumber-testng & serenity
20:05:19.347 [main] INFO  c.browserstack.BrowserStackJavaAgent - Project and debug logs are captured by default. To disable, set disableAutoCaptureLogs: true in config.
20:05:23.220 [main] INFO  c.browserstack.BrowserStackJavaAgent - Starting Percy......
20:05:35.975 [Thread-4] INFO  com.browserstack.percy.Percy - Percy started successfully
20:05:35.975 [main] INFO  c.browserstack.BrowserStackJavaAgent - Starting BrowserStack Local......
20:05:51.279 [main] INFO  com.browserstack.LocalFactory - BrowserStack Local Started Successfully.
20:05:54.396 [main] DEBUG c.b.config.BrowserStackConfig - Cli Config passed - {}
20:05:54.412 [main] INFO  c.browserstack.utils.UtilityMethods - BrowserStack Yml Detected : C:\Users\yatharth.dubey\mobileAutomation_new\demo\browserstack.yml
20:05:54.452 [main] DEBUG c.b.config.BrowserStackConfig - Cli Config passed - {}
20:05:54.477 [main] INFO  c.browserstack.utils.UtilityMethods - BrowserStack Yml Detected : C:\Users\yatharth.dubey\mobileAutomation_new\demo\browserstack.yml
20:05:54.482 [main] DEBUG c.b.config.BrowserStackConfig - Cli Config passed - {}
20:05:54.491 [main] INFO  c.browserstack.utils.UtilityMethods - BrowserStack Yml Detected : C:\Users\yatharth.dubey\mobileAutomation_new\demo\browserstack.yml
20:05:59.576 [main] INFO  c.browserstack.BrowserStackJavaAgent - Project and debug logs are captured by default. To disable, set disableAutoCaptureLogs: true in config.
20:05:59.621 [main] INFO  c.browserstack.BrowserStackJavaAgent - Project and debug logs are captured by default. To disable, set disableAutoCaptureLogs: true in config.
20:05:59.626 [main] INFO  c.browserstack.BrowserStackJavaAgent - Project and debug logs are captured by default. To disable, set disableAutoCaptureLogs: true in config.
20:05:59.871 [main] WARN  c.b.config.BrowserStackConfig - Test Observability could not be enabled. Your cucumber-core dependency version is 6.8.1 which is lower than the minimum version we currently support (7.3.0).
20:05:59.872 [main] WARN  c.b.config.BrowserStackConfig - Test Observability could not be enabled because framework detected is cucumber. We currently support frameworks testng, cucumber-testng & serenity
20:05:59.939 [main] WARN  c.b.config.BrowserStackConfig - Test Observability could not be enabled. Your cucumber-core dependency version is 6.8.1 which is lower than the minimum version we currently support (7.3.0).
20:05:59.940 [main] WARN  c.b.config.BrowserStackConfig - Test Observability could not be enabled because framework detected is cucumber. We currently support frameworks testng, cucumber-testng & serenity
20:06:00.136 [main] WARN  c.b.config.BrowserStackConfig - Test Observability could not be enabled. Your cucumber-core dependency version is 6.8.1 which is lower than the minimum version we currently support (7.3.0).
20:06:00.136 [main] WARN  c.b.config.BrowserStackConfig - Test Observability could not be enabled because framework detected is cucumber. We currently support frameworks testng, cucumber-testng & serenity
20:09:50.803 [Thread-0] INFO  com.browserstack.PercyFactory - Percy stopped successfully
20:10:02.060 [Thread-0] INFO  c.browserstack.utils.UtilityMethods - View build on BrowserStack dashboard: https://automate.browserstack.com/dashboard/v2/builds/22c5e48ffaf99ce173238e63de13e743c140f568
20:10:02.060 [Thread-0] INFO  c.b.config.BrowserStackConfig - INFO
20:10:26.048 [main] INFO  c.browserstack.BrowserStackJavaAgent - Selenium version detected - 4.21.0
20:10:26.053 [main] INFO  c.browserstack.BrowserStackJavaAgent - Appium version detected - 9.2.1
20:10:26.360 [main] DEBUG c.b.config.BrowserStackConfig - Cli Config passed - {}
20:10:26.364 [main] INFO  c.browserstack.utils.UtilityMethods - BrowserStack Yml Detected : C:\Users\yatharth.dubey\mobileAutomation_new\demo\browserstack.yml
20:10:27.840 [main] INFO  c.browserstack.BrowserStackJavaAgent - Framework set to cucumber
20:10:32.494 [main] WARN  c.b.config.BrowserStackConfig - Test Observability could not be enabled. Your cucumber-core dependency version is 6.8.1 which is lower than the minimum version we currently support (7.3.0).
20:10:32.494 [main] WARN  c.b.config.BrowserStackConfig - Test Observability could not be enabled because framework detected is cucumber. We currently support frameworks testng, cucumber-testng & serenity
20:10:33.258 [main] INFO  c.browserstack.BrowserStackJavaAgent - Project and debug logs are captured by default. To disable, set disableAutoCaptureLogs: true in config.
20:10:36.891 [main] INFO  c.browserstack.BrowserStackJavaAgent - Starting Percy......
20:10:47.963 [Thread-4] INFO  com.browserstack.percy.Percy - Percy started successfully
20:10:47.963 [main] INFO  c.browserstack.BrowserStackJavaAgent - Starting BrowserStack Local......
20:11:00.811 [main] INFO  com.browserstack.LocalFactory - BrowserStack Local Started Successfully.
20:11:02.908 [main] DEBUG c.b.config.BrowserStackConfig - Cli Config passed - {}
20:11:02.920 [main] INFO  c.browserstack.utils.UtilityMethods - BrowserStack Yml Detected : C:\Users\yatharth.dubey\mobileAutomation_new\demo\browserstack.yml
20:11:02.950 [main] DEBUG c.b.config.BrowserStackConfig - Cli Config passed - {}
20:11:02.959 [main] INFO  c.browserstack.utils.UtilityMethods - BrowserStack Yml Detected : C:\Users\yatharth.dubey\mobileAutomation_new\demo\browserstack.yml
20:11:03.010 [main] DEBUG c.b.config.BrowserStackConfig - Cli Config passed - {}
20:11:03.019 [main] INFO  c.browserstack.utils.UtilityMethods - BrowserStack Yml Detected : C:\Users\yatharth.dubey\mobileAutomation_new\demo\browserstack.yml
20:11:08.291 [main] INFO  c.browserstack.BrowserStackJavaAgent - Project and debug logs are captured by default. To disable, set disableAutoCaptureLogs: true in config.
20:11:08.295 [main] INFO  c.browserstack.BrowserStackJavaAgent - Project and debug logs are captured by default. To disable, set disableAutoCaptureLogs: true in config.
20:11:08.295 [main] INFO  c.browserstack.BrowserStackJavaAgent - Project and debug logs are captured by default. To disable, set disableAutoCaptureLogs: true in config.
20:11:08.833 [main] WARN  c.b.config.BrowserStackConfig - Test Observability could not be enabled. Your cucumber-core dependency version is 6.8.1 which is lower than the minimum version we currently support (7.3.0).
20:11:08.834 [main] WARN  c.b.config.BrowserStackConfig - Test Observability could not be enabled because framework detected is cucumber. We currently support frameworks testng, cucumber-testng & serenity
20:11:08.878 [main] WARN  c.b.config.BrowserStackConfig - Test Observability could not be enabled. Your cucumber-core dependency version is 6.8.1 which is lower than the minimum version we currently support (7.3.0).
20:11:08.880 [main] WARN  c.b.config.BrowserStackConfig - Test Observability could not be enabled because framework detected is cucumber. We currently support frameworks testng, cucumber-testng & serenity
20:11:08.943 [main] WARN  c.b.config.BrowserStackConfig - Test Observability could not be enabled. Your cucumber-core dependency version is 6.8.1 which is lower than the minimum version we currently support (7.3.0).
20:11:08.943 [main] WARN  c.b.config.BrowserStackConfig - Test Observability could not be enabled because framework detected is cucumber. We currently support frameworks testng, cucumber-testng & serenity
20:15:56.407 [Thread-0] INFO  com.browserstack.PercyFactory - Percy stopped successfully
20:16:06.263 [Thread-0] INFO  c.browserstack.utils.UtilityMethods - View build on BrowserStack dashboard: https://automate.browserstack.com/dashboard/v2/builds/8727ccef32d91799338716118b768b93119750b0
20:16:06.263 [Thread-0] INFO  c.b.config.BrowserStackConfig - INFO
20:25:22.820 [main] INFO  c.browserstack.BrowserStackJavaAgent - Selenium version detected - 4.21.0
20:25:22.828 [main] INFO  c.browserstack.BrowserStackJavaAgent - Appium version detected - 9.2.1
20:25:23.365 [main] DEBUG c.b.config.BrowserStackConfig - Cli Config passed - {}
20:25:23.371 [main] INFO  c.browserstack.utils.UtilityMethods - BrowserStack Yml Detected : C:\Users\yatharth.dubey\mobileAutomation_new\demo\browserstack.yml
20:25:25.150 [main] INFO  c.browserstack.BrowserStackJavaAgent - Framework set to cucumber
20:25:29.580 [main] WARN  c.b.config.BrowserStackConfig - Test Observability could not be enabled. Your cucumber-core dependency version is 6.8.1 which is lower than the minimum version we currently support (7.3.0).
20:25:29.580 [main] WARN  c.b.config.BrowserStackConfig - Test Observability could not be enabled because framework detected is cucumber. We currently support frameworks testng, cucumber-testng & serenity
20:25:30.484 [main] INFO  c.browserstack.BrowserStackJavaAgent - Project and debug logs are captured by default. To disable, set disableAutoCaptureLogs: true in config.
20:25:33.729 [main] INFO  c.browserstack.BrowserStackJavaAgent - Starting Percy......
20:25:45.817 [Thread-4] INFO  com.browserstack.percy.Percy - Percy started successfully
20:25:45.818 [main] INFO  c.browserstack.BrowserStackJavaAgent - Starting BrowserStack Local......
20:25:55.768 [main] INFO  com.browserstack.LocalFactory - BrowserStack Local Started Successfully.
20:25:57.772 [main] DEBUG c.b.config.BrowserStackConfig - Cli Config passed - {}
20:25:57.781 [main] INFO  c.browserstack.utils.UtilityMethods - BrowserStack Yml Detected : C:\Users\yatharth.dubey\mobileAutomation_new\demo\browserstack.yml
20:25:57.815 [main] DEBUG c.b.config.BrowserStackConfig - Cli Config passed - {}
20:25:57.824 [main] INFO  c.browserstack.utils.UtilityMethods - BrowserStack Yml Detected : C:\Users\yatharth.dubey\mobileAutomation_new\demo\browserstack.yml
20:25:57.836 [main] DEBUG c.b.config.BrowserStackConfig - Cli Config passed - {}
20:25:57.854 [main] INFO  c.browserstack.utils.UtilityMethods - BrowserStack Yml Detected : C:\Users\yatharth.dubey\mobileAutomation_new\demo\browserstack.yml
20:26:02.655 [main] INFO  c.browserstack.BrowserStackJavaAgent - Project and debug logs are captured by default. To disable, set disableAutoCaptureLogs: true in config.
20:26:02.656 [main] INFO  c.browserstack.BrowserStackJavaAgent - Project and debug logs are captured by default. To disable, set disableAutoCaptureLogs: true in config.
20:26:02.657 [main] INFO  c.browserstack.BrowserStackJavaAgent - Project and debug logs are captured by default. To disable, set disableAutoCaptureLogs: true in config.
20:26:02.940 [main] WARN  c.b.config.BrowserStackConfig - Test Observability could not be enabled. Your cucumber-core dependency version is 6.8.1 which is lower than the minimum version we currently support (7.3.0).
20:26:02.940 [main] WARN  c.b.config.BrowserStackConfig - Test Observability could not be enabled because framework detected is cucumber. We currently support frameworks testng, cucumber-testng & serenity
20:26:02.961 [main] WARN  c.b.config.BrowserStackConfig - Test Observability could not be enabled. Your cucumber-core dependency version is 6.8.1 which is lower than the minimum version we currently support (7.3.0).
20:26:02.962 [main] WARN  c.b.config.BrowserStackConfig - Test Observability could not be enabled because framework detected is cucumber. We currently support frameworks testng, cucumber-testng & serenity
20:26:02.981 [main] WARN  c.b.config.BrowserStackConfig - Test Observability could not be enabled. Your cucumber-core dependency version is 6.8.1 which is lower than the minimum version we currently support (7.3.0).
20:26:02.982 [main] WARN  c.b.config.BrowserStackConfig - Test Observability could not be enabled because framework detected is cucumber. We currently support frameworks testng, cucumber-testng & serenity
20:29:51.910 [Thread-0] INFO  com.browserstack.PercyFactory - Percy stopped successfully
20:30:02.925 [Thread-0] INFO  c.browserstack.utils.UtilityMethods - View build on BrowserStack dashboard: https://automate.browserstack.com/dashboard/v2/builds/caba2fd3aae1a981deaada607442ff2034f3cd41
20:30:02.928 [Thread-0] INFO  c.b.config.BrowserStackConfig - INFO
11:05:18.155 [main] INFO  c.browserstack.BrowserStackJavaAgent - Selenium version detected - 4.21.0
11:05:18.170 [main] INFO  c.browserstack.BrowserStackJavaAgent - Appium version detected - 9.2.1
11:05:19.493 [main] DEBUG c.b.config.BrowserStackConfig - Cli Config passed - {}
11:05:19.596 [main] INFO  c.browserstack.utils.UtilityMethods - BrowserStack Yml Detected : C:\Users\yatharth.dubey\mobileAutomation_new\demo\browserstack.yml
11:05:28.506 [main] INFO  c.browserstack.BrowserStackJavaAgent - Framework set to cucumber
11:05:35.001 [main] WARN  c.b.config.BrowserStackConfig - Test Observability could not be enabled. Your cucumber-core dependency version is 6.8.1 which is lower than the minimum version we currently support (7.3.0).
11:05:35.002 [main] WARN  c.b.config.BrowserStackConfig - Test Observability could not be enabled because framework detected is cucumber. We currently support frameworks testng, cucumber-testng & serenity
11:05:36.013 [main] INFO  c.browserstack.BrowserStackJavaAgent - Project and debug logs are captured by default. To disable, set disableAutoCaptureLogs: true in config.
11:05:39.013 [main] INFO  c.browserstack.BrowserStackJavaAgent - Starting Percy......
11:06:19.888 [Thread-4] INFO  com.browserstack.percy.Percy - Percy started successfully
11:06:19.889 [main] INFO  c.browserstack.BrowserStackJavaAgent - Starting BrowserStack Local......
11:07:35.337 [main] INFO  com.browserstack.LocalFactory - BrowserStack Local Started Successfully.
11:07:46.212 [main] DEBUG c.b.config.BrowserStackConfig - Cli Config passed - {}
11:07:46.266 [main] INFO  c.browserstack.utils.UtilityMethods - BrowserStack Yml Detected : C:\Users\yatharth.dubey\mobileAutomation_new\demo\browserstack.yml
11:07:47.542 [main] DEBUG c.b.config.BrowserStackConfig - Cli Config passed - {}
11:07:47.547 [main] DEBUG c.b.config.BrowserStackConfig - Cli Config passed - {}
11:07:47.563 [main] INFO  c.browserstack.utils.UtilityMethods - BrowserStack Yml Detected : C:\Users\yatharth.dubey\mobileAutomation_new\demo\browserstack.yml
11:07:47.568 [main] INFO  c.browserstack.utils.UtilityMethods - BrowserStack Yml Detected : C:\Users\yatharth.dubey\mobileAutomation_new\demo\browserstack.yml
11:07:54.573 [main] INFO  c.browserstack.BrowserStackJavaAgent - Project and debug logs are captured by default. To disable, set disableAutoCaptureLogs: true in config.
11:07:56.238 [main] WARN  c.b.config.BrowserStackConfig - Test Observability could not be enabled. Your cucumber-core dependency version is 6.8.1 which is lower than the minimum version we currently support (7.3.0).
11:07:56.241 [main] WARN  c.b.config.BrowserStackConfig - Test Observability could not be enabled because framework detected is cucumber. We currently support frameworks testng, cucumber-testng & serenity
11:07:56.543 [main] INFO  c.browserstack.BrowserStackJavaAgent - Project and debug logs are captured by default. To disable, set disableAutoCaptureLogs: true in config.
11:07:57.156 [main] INFO  c.browserstack.BrowserStackJavaAgent - Project and debug logs are captured by default. To disable, set disableAutoCaptureLogs: true in config.
11:07:58.638 [main] WARN  c.b.config.BrowserStackConfig - Test Observability could not be enabled. Your cucumber-core dependency version is 6.8.1 which is lower than the minimum version we currently support (7.3.0).
11:07:58.638 [main] WARN  c.b.config.BrowserStackConfig - Test Observability could not be enabled because framework detected is cucumber. We currently support frameworks testng, cucumber-testng & serenity
11:07:59.612 [main] WARN  c.b.config.BrowserStackConfig - Test Observability could not be enabled. Your cucumber-core dependency version is 6.8.1 which is lower than the minimum version we currently support (7.3.0).
11:07:59.612 [main] WARN  c.b.config.BrowserStackConfig - Test Observability could not be enabled because framework detected is cucumber. We currently support frameworks testng, cucumber-testng & serenity
11:11:14.228 [Thread-0] INFO  com.browserstack.PercyFactory - Percy stopped successfully
11:11:26.505 [Thread-0] INFO  c.browserstack.utils.UtilityMethods - View build on BrowserStack dashboard: https://automate.browserstack.com/dashboard/v2/builds/d7af805a87c9180fd29cf54b7aaf653805f654ba
11:11:26.505 [Thread-0] INFO  c.b.config.BrowserStackConfig - INFO
13:50:23.698 [main] INFO  c.browserstack.BrowserStackJavaAgent - Selenium version detected - 4.21.0
13:50:23.705 [main] INFO  c.browserstack.BrowserStackJavaAgent - Appium version detected - 9.2.1
13:50:23.961 [main] DEBUG c.b.config.BrowserStackConfig - Cli Config passed - {}
13:50:23.964 [main] INFO  c.browserstack.utils.UtilityMethods - BrowserStack Yml Detected : C:\Users\yatharth.dubey\mobileAutomation_new\demo\browserstack.yml
13:50:25.200 [main] INFO  c.browserstack.BrowserStackJavaAgent - Framework set to cucumber
13:50:29.715 [main] WARN  c.b.config.BrowserStackConfig - Test Observability could not be enabled. Your cucumber-core dependency version is 6.8.1 which is lower than the minimum version we currently support (7.3.0).
13:50:29.715 [main] WARN  c.b.config.BrowserStackConfig - Test Observability could not be enabled because framework detected is cucumber. We currently support frameworks testng, cucumber-testng & serenity
13:50:31.257 [main] INFO  c.browserstack.BrowserStackJavaAgent - Project and debug logs are captured by default. To disable, set disableAutoCaptureLogs: true in config.
13:50:34.882 [main] INFO  c.browserstack.BrowserStackJavaAgent - Starting Percy......
13:50:46.766 [Thread-4] INFO  com.browserstack.percy.Percy - Percy started successfully
13:50:46.767 [main] INFO  c.browserstack.BrowserStackJavaAgent - Starting BrowserStack Local......
13:50:57.480 [main] INFO  com.browserstack.LocalFactory - BrowserStack Local Started Successfully.
13:50:59.839 [main] DEBUG c.b.config.BrowserStackConfig - Cli Config passed - {}
13:50:59.847 [main] INFO  c.browserstack.utils.UtilityMethods - BrowserStack Yml Detected : C:\Users\yatharth.dubey\mobileAutomation_new\demo\browserstack.yml
13:50:59.863 [main] DEBUG c.b.config.BrowserStackConfig - Cli Config passed - {}
13:50:59.871 [main] INFO  c.browserstack.utils.UtilityMethods - BrowserStack Yml Detected : C:\Users\yatharth.dubey\mobileAutomation_new\demo\browserstack.yml
13:50:59.997 [main] DEBUG c.b.config.BrowserStackConfig - Cli Config passed - {}
13:51:00.007 [main] INFO  c.browserstack.utils.UtilityMethods - BrowserStack Yml Detected : C:\Users\yatharth.dubey\mobileAutomation_new\demo\browserstack.yml
13:51:05.609 [main] INFO  c.browserstack.BrowserStackJavaAgent - Project and debug logs are captured by default. To disable, set disableAutoCaptureLogs: true in config.
13:51:05.612 [main] INFO  c.browserstack.BrowserStackJavaAgent - Project and debug logs are captured by default. To disable, set disableAutoCaptureLogs: true in config.
13:51:05.847 [main] WARN  c.b.config.BrowserStackConfig - Test Observability could not be enabled. Your cucumber-core dependency version is 6.8.1 which is lower than the minimum version we currently support (7.3.0).
13:51:05.848 [main] WARN  c.b.config.BrowserStackConfig - Test Observability could not be enabled because framework detected is cucumber. We currently support frameworks testng, cucumber-testng & serenity
13:51:05.849 [main] WARN  c.b.config.BrowserStackConfig - Test Observability could not be enabled. Your cucumber-core dependency version is 6.8.1 which is lower than the minimum version we currently support (7.3.0).
13:51:05.850 [main] WARN  c.b.config.BrowserStackConfig - Test Observability could not be enabled because framework detected is cucumber. We currently support frameworks testng, cucumber-testng & serenity
13:51:06.531 [main] INFO  c.browserstack.BrowserStackJavaAgent - Project and debug logs are captured by default. To disable, set disableAutoCaptureLogs: true in config.
13:51:06.910 [main] WARN  c.b.config.BrowserStackConfig - Test Observability could not be enabled. Your cucumber-core dependency version is 6.8.1 which is lower than the minimum version we currently support (7.3.0).
13:51:06.910 [main] WARN  c.b.config.BrowserStackConfig - Test Observability could not be enabled because framework detected is cucumber. We currently support frameworks testng, cucumber-testng & serenity
13:54:42.963 [Thread-0] INFO  com.browserstack.PercyFactory - Percy stopped successfully
13:54:52.626 [Thread-0] INFO  c.browserstack.utils.UtilityMethods - View build on BrowserStack dashboard: https://automate.browserstack.com/dashboard/v2/builds/f3f4563099e02ce42d329f33e476e878c67c8478
13:54:52.626 [Thread-0] INFO  c.b.config.BrowserStackConfig - INFO
13:56:07.105 [main] INFO  c.browserstack.BrowserStackJavaAgent - Selenium version detected - 4.21.0
13:56:07.114 [main] INFO  c.browserstack.BrowserStackJavaAgent - Appium version detected - 9.2.1
13:56:07.408 [main] DEBUG c.b.config.BrowserStackConfig - Cli Config passed - {}
13:56:07.412 [main] INFO  c.browserstack.utils.UtilityMethods - BrowserStack Yml Detected : C:\Users\yatharth.dubey\mobileAutomation_new\demo\browserstack.yml
13:56:08.755 [main] INFO  c.browserstack.BrowserStackJavaAgent - Framework set to cucumber
13:56:19.431 [main] WARN  c.b.config.BrowserStackConfig - Test Observability could not be enabled. Your cucumber-core dependency version is 6.8.1 which is lower than the minimum version we currently support (7.3.0).
13:56:19.431 [main] WARN  c.b.config.BrowserStackConfig - Test Observability could not be enabled because framework detected is cucumber. We currently support frameworks testng, cucumber-testng & serenity
13:56:21.962 [main] INFO  c.browserstack.BrowserStackJavaAgent - Project and debug logs are captured by default. To disable, set disableAutoCaptureLogs: true in config.
13:56:35.606 [main] INFO  c.browserstack.BrowserStackJavaAgent - Starting Percy......
13:56:53.876 [Thread-4] INFO  com.browserstack.percy.Percy - Percy started successfully
13:56:53.876 [main] INFO  c.browserstack.BrowserStackJavaAgent - Starting BrowserStack Local......
13:57:08.043 [main] INFO  com.browserstack.LocalFactory - BrowserStack Local Started Successfully.
13:57:10.498 [main] DEBUG c.b.config.BrowserStackConfig - Cli Config passed - {}
13:57:10.511 [main] INFO  c.browserstack.utils.UtilityMethods - BrowserStack Yml Detected : C:\Users\yatharth.dubey\mobileAutomation_new\demo\browserstack.yml
13:57:10.562 [main] DEBUG c.b.config.BrowserStackConfig - Cli Config passed - {}
13:57:10.578 [main] INFO  c.browserstack.utils.UtilityMethods - BrowserStack Yml Detected : C:\Users\yatharth.dubey\mobileAutomation_new\demo\browserstack.yml
13:57:10.660 [main] DEBUG c.b.config.BrowserStackConfig - Cli Config passed - {}
13:57:10.670 [main] INFO  c.browserstack.utils.UtilityMethods - BrowserStack Yml Detected : C:\Users\yatharth.dubey\mobileAutomation_new\demo\browserstack.yml
13:57:29.853 [main] INFO  c.browserstack.BrowserStackJavaAgent - Project and debug logs are captured by default. To disable, set disableAutoCaptureLogs: true in config.
13:57:30.053 [main] WARN  c.b.config.BrowserStackConfig - Test Observability could not be enabled. Your cucumber-core dependency version is 6.8.1 which is lower than the minimum version we currently support (7.3.0).
13:57:30.053 [main] WARN  c.b.config.BrowserStackConfig - Test Observability could not be enabled because framework detected is cucumber. We currently support frameworks testng, cucumber-testng & serenity
13:57:30.140 [main] INFO  c.browserstack.BrowserStackJavaAgent - Project and debug logs are captured by default. To disable, set disableAutoCaptureLogs: true in config.
13:57:30.142 [main] INFO  c.browserstack.BrowserStackJavaAgent - Project and debug logs are captured by default. To disable, set disableAutoCaptureLogs: true in config.
13:57:30.606 [main] WARN  c.b.config.BrowserStackConfig - Test Observability could not be enabled. Your cucumber-core dependency version is 6.8.1 which is lower than the minimum version we currently support (7.3.0).
13:57:30.606 [main] WARN  c.b.config.BrowserStackConfig - Test Observability could not be enabled because framework detected is cucumber. We currently support frameworks testng, cucumber-testng & serenity
13:57:30.612 [main] WARN  c.b.config.BrowserStackConfig - Test Observability could not be enabled. Your cucumber-core dependency version is 6.8.1 which is lower than the minimum version we currently support (7.3.0).
13:57:30.612 [main] WARN  c.b.config.BrowserStackConfig - Test Observability could not be enabled because framework detected is cucumber. We currently support frameworks testng, cucumber-testng & serenity
14:02:19.988 [Thread-0] INFO  com.browserstack.PercyFactory - Percy stopped successfully
14:02:27.581 [Thread-0] INFO  c.browserstack.utils.UtilityMethods - View build on BrowserStack dashboard: https://automate.browserstack.com/dashboard/v2/builds/4bae78053c77a4f97cfb17eba01ef58d10494d6a
14:02:27.581 [Thread-0] INFO  c.b.config.BrowserStackConfig - INFO
14:03:05.008 [main] INFO  c.browserstack.BrowserStackJavaAgent - Selenium version detected - 4.21.0
14:03:05.012 [main] INFO  c.browserstack.BrowserStackJavaAgent - Appium version detected - 9.2.1
14:03:05.323 [main] DEBUG c.b.config.BrowserStackConfig - Cli Config passed - {}
14:03:05.327 [main] INFO  c.browserstack.utils.UtilityMethods - BrowserStack Yml Detected : C:\Users\yatharth.dubey\mobileAutomation_new\demo\browserstack.yml
14:03:06.417 [main] INFO  c.browserstack.BrowserStackJavaAgent - Framework set to cucumber
14:03:12.075 [main] WARN  c.b.config.BrowserStackConfig - Test Observability could not be enabled. Your cucumber-core dependency version is 6.8.1 which is lower than the minimum version we currently support (7.3.0).
14:03:12.076 [main] WARN  c.b.config.BrowserStackConfig - Test Observability could not be enabled because framework detected is cucumber. We currently support frameworks testng, cucumber-testng & serenity
14:03:12.572 [main] INFO  c.browserstack.BrowserStackJavaAgent - Project and debug logs are captured by default. To disable, set disableAutoCaptureLogs: true in config.
14:03:15.955 [main] INFO  c.browserstack.BrowserStackJavaAgent - Starting Percy......
14:03:26.812 [Thread-4] INFO  com.browserstack.percy.Percy - Percy started successfully
14:03:26.812 [main] INFO  c.browserstack.BrowserStackJavaAgent - Starting BrowserStack Local......
14:03:35.316 [main] INFO  com.browserstack.LocalFactory - BrowserStack Local Started Successfully.
14:03:37.349 [main] DEBUG c.b.config.BrowserStackConfig - Cli Config passed - {}
14:03:37.362 [main] INFO  c.browserstack.utils.UtilityMethods - BrowserStack Yml Detected : C:\Users\yatharth.dubey\mobileAutomation_new\demo\browserstack.yml
14:03:37.421 [main] DEBUG c.b.config.BrowserStackConfig - Cli Config passed - {}
14:03:37.423 [main] INFO  c.browserstack.utils.UtilityMethods - BrowserStack Yml Detected : C:\Users\yatharth.dubey\mobileAutomation_new\demo\browserstack.yml
14:03:37.453 [main] DEBUG c.b.config.BrowserStackConfig - Cli Config passed - {}
14:03:37.460 [main] INFO  c.browserstack.utils.UtilityMethods - BrowserStack Yml Detected : C:\Users\yatharth.dubey\mobileAutomation_new\demo\browserstack.yml
14:03:42.018 [main] INFO  c.browserstack.BrowserStackJavaAgent - Project and debug logs are captured by default. To disable, set disableAutoCaptureLogs: true in config.
14:03:42.018 [main] INFO  c.browserstack.BrowserStackJavaAgent - Project and debug logs are captured by default. To disable, set disableAutoCaptureLogs: true in config.
14:03:42.018 [main] INFO  c.browserstack.BrowserStackJavaAgent - Project and debug logs are captured by default. To disable, set disableAutoCaptureLogs: true in config.
14:03:42.315 [main] WARN  c.b.config.BrowserStackConfig - Test Observability could not be enabled. Your cucumber-core dependency version is 6.8.1 which is lower than the minimum version we currently support (7.3.0).
14:03:42.315 [main] WARN  c.b.config.BrowserStackConfig - Test Observability could not be enabled because framework detected is cucumber. We currently support frameworks testng, cucumber-testng & serenity
14:03:42.340 [main] WARN  c.b.config.BrowserStackConfig - Test Observability could not be enabled. Your cucumber-core dependency version is 6.8.1 which is lower than the minimum version we currently support (7.3.0).
14:03:42.341 [main] WARN  c.b.config.BrowserStackConfig - Test Observability could not be enabled because framework detected is cucumber. We currently support frameworks testng, cucumber-testng & serenity
14:03:42.379 [main] WARN  c.b.config.BrowserStackConfig - Test Observability could not be enabled. Your cucumber-core dependency version is 6.8.1 which is lower than the minimum version we currently support (7.3.0).
14:03:42.408 [main] WARN  c.b.config.BrowserStackConfig - Test Observability could not be enabled because framework detected is cucumber. We currently support frameworks testng, cucumber-testng & serenity
14:07:38.377 [Thread-0] INFO  com.browserstack.PercyFactory - Percy stopped successfully
14:07:46.865 [Thread-0] INFO  c.browserstack.utils.UtilityMethods - View build on BrowserStack dashboard: https://automate.browserstack.com/dashboard/v2/builds/b893d7fdbdb7c2ac20ecf2e908d225f0ca8337d9
14:07:46.865 [Thread-0] INFO  c.b.config.BrowserStackConfig - INFO
14:08:01.812 [main] INFO  c.browserstack.BrowserStackJavaAgent - Selenium version detected - 4.21.0
14:08:01.820 [main] INFO  c.browserstack.BrowserStackJavaAgent - Appium version detected - 9.2.1
14:08:02.114 [main] DEBUG c.b.config.BrowserStackConfig - Cli Config passed - {}
14:08:02.117 [main] INFO  c.browserstack.utils.UtilityMethods - BrowserStack Yml Detected : C:\Users\yatharth.dubey\mobileAutomation_new\demo\browserstack.yml
14:08:03.565 [main] INFO  c.browserstack.BrowserStackJavaAgent - Framework set to cucumber
14:08:07.602 [main] WARN  c.b.config.BrowserStackConfig - Test Observability could not be enabled. Your cucumber-core dependency version is 6.8.1 which is lower than the minimum version we currently support (7.3.0).
14:08:07.602 [main] WARN  c.b.config.BrowserStackConfig - Test Observability could not be enabled because framework detected is cucumber. We currently support frameworks testng, cucumber-testng & serenity
14:08:08.206 [main] INFO  c.browserstack.BrowserStackJavaAgent - Project and debug logs are captured by default. To disable, set disableAutoCaptureLogs: true in config.
14:08:10.866 [main] INFO  c.browserstack.BrowserStackJavaAgent - Starting Percy......
14:08:21.239 [Thread-4] INFO  com.browserstack.percy.Percy - Percy started successfully
14:08:21.239 [main] INFO  c.browserstack.BrowserStackJavaAgent - Starting BrowserStack Local......
14:08:31.486 [main] INFO  com.browserstack.LocalFactory - BrowserStack Local Started Successfully.
14:08:33.723 [main] DEBUG c.b.config.BrowserStackConfig - Cli Config passed - {}
14:08:33.733 [main] INFO  c.browserstack.utils.UtilityMethods - BrowserStack Yml Detected : C:\Users\yatharth.dubey\mobileAutomation_new\demo\browserstack.yml
14:08:33.785 [main] DEBUG c.b.config.BrowserStackConfig - Cli Config passed - {}
14:08:33.798 [main] INFO  c.browserstack.utils.UtilityMethods - BrowserStack Yml Detected : C:\Users\yatharth.dubey\mobileAutomation_new\demo\browserstack.yml
14:08:33.987 [main] DEBUG c.b.config.BrowserStackConfig - Cli Config passed - {}
14:08:33.996 [main] INFO  c.browserstack.utils.UtilityMethods - BrowserStack Yml Detected : C:\Users\yatharth.dubey\mobileAutomation_new\demo\browserstack.yml
14:08:37.866 [main] INFO  c.browserstack.BrowserStackJavaAgent - Project and debug logs are captured by default. To disable, set disableAutoCaptureLogs: true in config.
14:08:37.975 [main] INFO  c.browserstack.BrowserStackJavaAgent - Project and debug logs are captured by default. To disable, set disableAutoCaptureLogs: true in config.
14:08:38.112 [main] WARN  c.b.config.BrowserStackConfig - Test Observability could not be enabled. Your cucumber-core dependency version is 6.8.1 which is lower than the minimum version we currently support (7.3.0).
14:08:38.112 [main] WARN  c.b.config.BrowserStackConfig - Test Observability could not be enabled because framework detected is cucumber. We currently support frameworks testng, cucumber-testng & serenity
14:08:38.204 [main] INFO  c.browserstack.BrowserStackJavaAgent - Project and debug logs are captured by default. To disable, set disableAutoCaptureLogs: true in config.
14:08:38.364 [main] WARN  c.b.config.BrowserStackConfig - Test Observability could not be enabled. Your cucumber-core dependency version is 6.8.1 which is lower than the minimum version we currently support (7.3.0).
14:08:38.365 [main] WARN  c.b.config.BrowserStackConfig - Test Observability could not be enabled because framework detected is cucumber. We currently support frameworks testng, cucumber-testng & serenity
14:08:38.765 [main] WARN  c.b.config.BrowserStackConfig - Test Observability could not be enabled. Your cucumber-core dependency version is 6.8.1 which is lower than the minimum version we currently support (7.3.0).
14:08:38.768 [main] WARN  c.b.config.BrowserStackConfig - Test Observability could not be enabled because framework detected is cucumber. We currently support frameworks testng, cucumber-testng & serenity
14:11:44.295 [Thread-0] INFO  com.browserstack.PercyFactory - Percy stopped successfully
14:11:50.873 [Thread-0] INFO  c.browserstack.utils.UtilityMethods - View build on BrowserStack dashboard: https://automate.browserstack.com/dashboard/v2/builds/760a37116682b7cc539469a617eeb818699752fd
14:11:50.874 [Thread-0] INFO  c.b.config.BrowserStackConfig - INFO
14:37:35.435 [main] INFO  c.browserstack.BrowserStackJavaAgent - Selenium version detected - 4.21.0
14:37:35.443 [main] INFO  c.browserstack.BrowserStackJavaAgent - Appium version detected - 9.2.1
14:37:35.756 [main] DEBUG c.b.config.BrowserStackConfig - Cli Config passed - {}
14:37:35.763 [main] INFO  c.browserstack.utils.UtilityMethods - BrowserStack Yml Detected : C:\Users\yatharth.dubey\mobileAutomation_new\demo\browserstack.yml
14:37:37.017 [main] INFO  c.browserstack.BrowserStackJavaAgent - Framework set to cucumber
14:37:44.009 [main] WARN  c.b.config.BrowserStackConfig - Test Observability could not be enabled. Your cucumber-core dependency version is 6.8.1 which is lower than the minimum version we currently support (7.3.0).
14:37:44.009 [main] WARN  c.b.config.BrowserStackConfig - Test Observability could not be enabled because framework detected is cucumber. We currently support frameworks testng, cucumber-testng & serenity
14:37:46.300 [main] INFO  c.browserstack.BrowserStackJavaAgent - Project and debug logs are captured by default. To disable, set disableAutoCaptureLogs: true in config.
14:37:50.897 [main] INFO  c.browserstack.BrowserStackJavaAgent - Starting Percy......
14:38:03.670 [Thread-4] INFO  com.browserstack.percy.Percy - Percy started successfully
14:38:03.671 [main] INFO  c.browserstack.BrowserStackJavaAgent - Starting BrowserStack Local......
14:38:16.357 [main] INFO  com.browserstack.LocalFactory - BrowserStack Local Started Successfully.
14:38:18.408 [main] DEBUG c.b.config.BrowserStackConfig - Cli Config passed - {}
14:38:18.422 [main] INFO  c.browserstack.utils.UtilityMethods - BrowserStack Yml Detected : C:\Users\yatharth.dubey\mobileAutomation_new\demo\browserstack.yml
14:38:18.447 [main] DEBUG c.b.config.BrowserStackConfig - Cli Config passed - {}
14:38:18.441 [main] DEBUG c.b.config.BrowserStackConfig - Cli Config passed - {}
14:38:18.460 [main] INFO  c.browserstack.utils.UtilityMethods - BrowserStack Yml Detected : C:\Users\yatharth.dubey\mobileAutomation_new\demo\browserstack.yml
14:38:18.461 [main] INFO  c.browserstack.utils.UtilityMethods - BrowserStack Yml Detected : C:\Users\yatharth.dubey\mobileAutomation_new\demo\browserstack.yml
14:38:24.264 [main] INFO  c.browserstack.BrowserStackJavaAgent - Project and debug logs are captured by default. To disable, set disableAutoCaptureLogs: true in config.
14:38:24.350 [main] INFO  c.browserstack.BrowserStackJavaAgent - Project and debug logs are captured by default. To disable, set disableAutoCaptureLogs: true in config.
14:38:24.444 [main] WARN  c.b.config.BrowserStackConfig - Test Observability could not be enabled. Your cucumber-core dependency version is 6.8.1 which is lower than the minimum version we currently support (7.3.0).
14:38:24.444 [main] WARN  c.b.config.BrowserStackConfig - Test Observability could not be enabled because framework detected is cucumber. We currently support frameworks testng, cucumber-testng & serenity
14:38:24.601 [main] WARN  c.b.config.BrowserStackConfig - Test Observability could not be enabled. Your cucumber-core dependency version is 6.8.1 which is lower than the minimum version we currently support (7.3.0).
14:38:24.602 [main] WARN  c.b.config.BrowserStackConfig - Test Observability could not be enabled because framework detected is cucumber. We currently support frameworks testng, cucumber-testng & serenity
14:38:24.653 [main] INFO  c.browserstack.BrowserStackJavaAgent - Project and debug logs are captured by default. To disable, set disableAutoCaptureLogs: true in config.
14:38:25.095 [main] WARN  c.b.config.BrowserStackConfig - Test Observability could not be enabled. Your cucumber-core dependency version is 6.8.1 which is lower than the minimum version we currently support (7.3.0).
14:38:25.096 [main] WARN  c.b.config.BrowserStackConfig - Test Observability could not be enabled because framework detected is cucumber. We currently support frameworks testng, cucumber-testng & serenity
14:42:34.082 [Thread-0] INFO  com.browserstack.PercyFactory - Percy stopped successfully
14:42:41.725 [Thread-0] INFO  c.browserstack.utils.UtilityMethods - View build on BrowserStack dashboard: https://automate.browserstack.com/dashboard/v2/builds/cf4179aa07a1f7dc263c94d101f2473146dfff62
14:42:41.725 [Thread-0] INFO  c.b.config.BrowserStackConfig - INFO
16:01:53.942 [main] INFO  c.browserstack.BrowserStackJavaAgent - Selenium version detected - 4.21.0
16:01:53.948 [main] INFO  c.browserstack.BrowserStackJavaAgent - Appium version detected - 9.2.1
16:01:54.279 [main] DEBUG c.b.config.BrowserStackConfig - Cli Config passed - {}
16:01:54.282 [main] INFO  c.browserstack.utils.UtilityMethods - BrowserStack Yml Detected : C:\Users\yatharth.dubey\mobileAutomation_new\demo\browserstack.yml
16:01:55.292 [main] INFO  c.browserstack.BrowserStackJavaAgent - Framework set to cucumber
16:01:58.676 [main] WARN  c.b.config.BrowserStackConfig - Test Observability could not be enabled. Your cucumber-core dependency version is 6.8.1 which is lower than the minimum version we currently support (7.3.0).
16:01:58.677 [main] WARN  c.b.config.BrowserStackConfig - Test Observability could not be enabled because framework detected is cucumber. We currently support frameworks testng, cucumber-testng & serenity
16:01:59.332 [main] INFO  c.browserstack.BrowserStackJavaAgent - Project and debug logs are captured by default. To disable, set disableAutoCaptureLogs: true in config.
16:02:01.807 [main] INFO  c.browserstack.BrowserStackJavaAgent - Starting Percy......
16:02:11.062 [Thread-4] INFO  com.browserstack.percy.Percy - Percy started successfully
16:02:11.062 [main] INFO  c.browserstack.BrowserStackJavaAgent - Starting BrowserStack Local......
16:02:22.629 [main] INFO  com.browserstack.LocalFactory - BrowserStack Local Started Successfully.
16:02:28.554 [main] DEBUG c.b.config.BrowserStackConfig - Cli Config passed - {}
16:02:28.588 [main] INFO  c.browserstack.utils.UtilityMethods - BrowserStack Yml Detected : C:\Users\yatharth.dubey\mobileAutomation_new\demo\browserstack.yml
16:02:28.612 [main] DEBUG c.b.config.BrowserStackConfig - Cli Config passed - {}
16:02:28.627 [main] INFO  c.browserstack.utils.UtilityMethods - BrowserStack Yml Detected : C:\Users\yatharth.dubey\mobileAutomation_new\demo\browserstack.yml
16:02:28.939 [main] DEBUG c.b.config.BrowserStackConfig - Cli Config passed - {}
16:02:28.955 [main] INFO  c.browserstack.utils.UtilityMethods - BrowserStack Yml Detected : C:\Users\yatharth.dubey\mobileAutomation_new\demo\browserstack.yml
16:02:29.038 [main] DEBUG c.b.config.BrowserStackConfig - Cli Config passed - {}
16:02:29.052 [main] INFO  c.browserstack.utils.UtilityMethods - BrowserStack Yml Detected : C:\Users\yatharth.dubey\mobileAutomation_new\demo\browserstack.yml
16:02:36.304 [main] INFO  c.browserstack.BrowserStackJavaAgent - Project and debug logs are captured by default. To disable, set disableAutoCaptureLogs: true in config.
16:02:36.306 [main] INFO  c.browserstack.BrowserStackJavaAgent - Project and debug logs are captured by default. To disable, set disableAutoCaptureLogs: true in config.
16:02:36.560 [main] INFO  c.browserstack.BrowserStackJavaAgent - Project and debug logs are captured by default. To disable, set disableAutoCaptureLogs: true in config.
16:02:36.616 [main] INFO  c.browserstack.BrowserStackJavaAgent - Project and debug logs are captured by default. To disable, set disableAutoCaptureLogs: true in config.
16:02:36.836 [main] WARN  c.b.config.BrowserStackConfig - Test Observability could not be enabled. Your cucumber-core dependency version is 6.8.1 which is lower than the minimum version we currently support (7.3.0).
16:02:36.836 [main] WARN  c.b.config.BrowserStackConfig - Test Observability could not be enabled because framework detected is cucumber. We currently support frameworks testng, cucumber-testng & serenity
16:02:37.143 [main] WARN  c.b.config.BrowserStackConfig - Test Observability could not be enabled. Your cucumber-core dependency version is 6.8.1 which is lower than the minimum version we currently support (7.3.0).
16:02:37.144 [main] WARN  c.b.config.BrowserStackConfig - Test Observability could not be enabled because framework detected is cucumber. We currently support frameworks testng, cucumber-testng & serenity
16:02:37.650 [main] WARN  c.b.config.BrowserStackConfig - Test Observability could not be enabled. Your cucumber-core dependency version is 6.8.1 which is lower than the minimum version we currently support (7.3.0).
16:02:37.651 [main] WARN  c.b.config.BrowserStackConfig - Test Observability could not be enabled because framework detected is cucumber. We currently support frameworks testng, cucumber-testng & serenity
16:02:38.256 [main] WARN  c.b.config.BrowserStackConfig - Test Observability could not be enabled. Your cucumber-core dependency version is 6.8.1 which is lower than the minimum version we currently support (7.3.0).
16:02:38.257 [main] WARN  c.b.config.BrowserStackConfig - Test Observability could not be enabled because framework detected is cucumber. We currently support frameworks testng, cucumber-testng & serenity
16:05:50.139 [Thread-0] INFO  com.browserstack.PercyFactory - Percy stopped successfully
16:05:58.251 [Thread-0] INFO  c.browserstack.utils.UtilityMethods - View build on BrowserStack dashboard: https://automate.browserstack.com/dashboard/v2/builds/8e4096ba39f4032920d00f0706a6d52b1b15b6a3
16:05:58.251 [Thread-0] INFO  c.b.config.BrowserStackConfig - INFO
16:12:51.240 [main] INFO  c.browserstack.BrowserStackJavaAgent - Selenium version detected - 4.21.0
16:12:51.244 [main] INFO  c.browserstack.BrowserStackJavaAgent - Appium version detected - 9.2.1
16:12:51.644 [main] DEBUG c.b.config.BrowserStackConfig - Cli Config passed - {}
16:12:51.648 [main] INFO  c.browserstack.utils.UtilityMethods - BrowserStack Yml Detected : C:\Users\yatharth.dubey\mobileAutomation_new\demo\browserstack.yml
16:12:52.946 [main] INFO  c.browserstack.BrowserStackJavaAgent - Framework set to cucumber
16:12:56.486 [main] WARN  c.b.config.BrowserStackConfig - Test Observability could not be enabled. Your cucumber-core dependency version is 6.8.1 which is lower than the minimum version we currently support (7.3.0).
16:12:56.486 [main] WARN  c.b.config.BrowserStackConfig - Test Observability could not be enabled because framework detected is cucumber. We currently support frameworks testng, cucumber-testng & serenity
16:12:57.154 [main] INFO  c.browserstack.BrowserStackJavaAgent - Project and debug logs are captured by default. To disable, set disableAutoCaptureLogs: true in config.
16:12:59.624 [main] INFO  c.browserstack.BrowserStackJavaAgent - Starting Percy......
16:13:10.764 [Thread-4] INFO  com.browserstack.percy.Percy - Percy started successfully
16:13:10.764 [main] INFO  c.browserstack.BrowserStackJavaAgent - Starting BrowserStack Local......
16:13:19.531 [main] INFO  com.browserstack.LocalFactory - BrowserStack Local Started Successfully.
16:13:23.438 [main] DEBUG c.b.config.BrowserStackConfig - Cli Config passed - {}
16:13:23.455 [main] INFO  c.browserstack.utils.UtilityMethods - BrowserStack Yml Detected : C:\Users\yatharth.dubey\mobileAutomation_new\demo\browserstack.yml
16:13:23.479 [main] DEBUG c.b.config.BrowserStackConfig - Cli Config passed - {}
16:13:23.524 [main] INFO  c.browserstack.utils.UtilityMethods - BrowserStack Yml Detected : C:\Users\yatharth.dubey\mobileAutomation_new\demo\browserstack.yml
16:13:23.559 [main] DEBUG c.b.config.BrowserStackConfig - Cli Config passed - {}
16:13:23.584 [main] INFO  c.browserstack.utils.UtilityMethods - BrowserStack Yml Detected : C:\Users\yatharth.dubey\mobileAutomation_new\demo\browserstack.yml
16:13:23.766 [main] DEBUG c.b.config.BrowserStackConfig - Cli Config passed - {}
16:13:23.782 [main] INFO  c.browserstack.utils.UtilityMethods - BrowserStack Yml Detected : C:\Users\yatharth.dubey\mobileAutomation_new\demo\browserstack.yml
16:13:29.077 [main] INFO  c.browserstack.BrowserStackJavaAgent - Project and debug logs are captured by default. To disable, set disableAutoCaptureLogs: true in config.
16:13:29.100 [main] INFO  c.browserstack.BrowserStackJavaAgent - Project and debug logs are captured by default. To disable, set disableAutoCaptureLogs: true in config.
16:13:29.166 [main] INFO  c.browserstack.BrowserStackJavaAgent - Project and debug logs are captured by default. To disable, set disableAutoCaptureLogs: true in config.
16:13:29.242 [main] INFO  c.browserstack.BrowserStackJavaAgent - Project and debug logs are captured by default. To disable, set disableAutoCaptureLogs: true in config.
16:13:29.380 [main] WARN  c.b.config.BrowserStackConfig - Test Observability could not be enabled. Your cucumber-core dependency version is 6.8.1 which is lower than the minimum version we currently support (7.3.0).
16:13:29.380 [main] WARN  c.b.config.BrowserStackConfig - Test Observability could not be enabled because framework detected is cucumber. We currently support frameworks testng, cucumber-testng & serenity
16:13:29.857 [main] WARN  c.b.config.BrowserStackConfig - Test Observability could not be enabled. Your cucumber-core dependency version is 6.8.1 which is lower than the minimum version we currently support (7.3.0).
16:13:29.858 [main] WARN  c.b.config.BrowserStackConfig - Test Observability could not be enabled because framework detected is cucumber. We currently support frameworks testng, cucumber-testng & serenity
16:13:29.911 [main] WARN  c.b.config.BrowserStackConfig - Test Observability could not be enabled. Your cucumber-core dependency version is 6.8.1 which is lower than the minimum version we currently support (7.3.0).
16:13:29.912 [main] WARN  c.b.config.BrowserStackConfig - Test Observability could not be enabled because framework detected is cucumber. We currently support frameworks testng, cucumber-testng & serenity
16:13:30.001 [main] WARN  c.b.config.BrowserStackConfig - Test Observability could not be enabled. Your cucumber-core dependency version is 6.8.1 which is lower than the minimum version we currently support (7.3.0).
16:13:30.007 [main] WARN  c.b.config.BrowserStackConfig - Test Observability could not be enabled because framework detected is cucumber. We currently support frameworks testng, cucumber-testng & serenity
16:16:43.192 [Thread-0] INFO  com.browserstack.PercyFactory - Percy stopped successfully
16:16:52.969 [Thread-0] INFO  c.browserstack.utils.UtilityMethods - View build on BrowserStack dashboard: https://automate.browserstack.com/dashboard/v2/builds/e411b5a7892f3dd641d1cc30d93278b4f985a26c
16:16:52.969 [Thread-0] INFO  c.b.config.BrowserStackConfig - INFO
17:26:24.014 [main] INFO  c.browserstack.BrowserStackJavaAgent - Selenium version detected - 4.21.0
17:26:24.019 [main] INFO  c.browserstack.BrowserStackJavaAgent - Appium version detected - 9.2.1
17:26:24.361 [main] DEBUG c.b.config.BrowserStackConfig - Cli Config passed - {}
17:26:24.365 [main] INFO  c.browserstack.utils.UtilityMethods - BrowserStack Yml Detected : C:\Users\yatharth.dubey\mobileAutomation_new\demo\browserstack.yml
17:26:25.450 [main] INFO  c.browserstack.BrowserStackJavaAgent - Framework set to cucumber
17:26:29.520 [main] WARN  c.b.config.BrowserStackConfig - Test Observability could not be enabled. Your cucumber-core dependency version is 6.8.1 which is lower than the minimum version we currently support (7.3.0).
17:26:29.521 [main] WARN  c.b.config.BrowserStackConfig - Test Observability could not be enabled because framework detected is cucumber. We currently support frameworks testng, cucumber-testng & serenity
19:45:06.818 [main] INFO  c.browserstack.BrowserStackJavaAgent - Selenium version detected - 4.21.0
19:45:06.823 [main] INFO  c.browserstack.BrowserStackJavaAgent - Appium version detected - 9.2.1
19:45:07.175 [main] DEBUG c.b.config.BrowserStackConfig - Cli Config passed - {}
19:45:07.179 [main] INFO  c.browserstack.utils.UtilityMethods - BrowserStack Yml Detected : C:\Users\yatharth.dubey\mobileAutomation_new\demo\browserstack.yml
19:45:08.824 [main] INFO  c.browserstack.BrowserStackJavaAgent - Framework set to cucumber
19:45:14.171 [main] WARN  c.b.config.BrowserStackConfig - Test Observability could not be enabled. Your cucumber-core dependency version is 6.8.1 which is lower than the minimum version we currently support (7.3.0).
19:45:14.171 [main] WARN  c.b.config.BrowserStackConfig - Test Observability could not be enabled because framework detected is cucumber. We currently support frameworks testng, cucumber-testng & serenity
19:45:15.186 [main] INFO  c.browserstack.BrowserStackJavaAgent - Project and debug logs are captured by default. To disable, set disableAutoCaptureLogs: true in config.
19:45:18.662 [main] INFO  c.browserstack.BrowserStackJavaAgent - Starting Percy......
19:45:33.983 [Thread-4] INFO  com.browserstack.percy.Percy - Percy started successfully
19:45:33.983 [main] INFO  c.browserstack.BrowserStackJavaAgent - Starting BrowserStack Local......
19:45:46.572 [main] INFO  com.browserstack.LocalFactory - BrowserStack Local Started Successfully.
19:45:49.349 [main] DEBUG c.b.config.BrowserStackConfig - Cli Config passed - {}
19:45:49.361 [main] INFO  c.browserstack.utils.UtilityMethods - BrowserStack Yml Detected : C:\Users\yatharth.dubey\mobileAutomation_new\demo\browserstack.yml
19:45:49.551 [main] DEBUG c.b.config.BrowserStackConfig - Cli Config passed - {}
19:45:49.567 [main] INFO  c.browserstack.utils.UtilityMethods - BrowserStack Yml Detected : C:\Users\yatharth.dubey\mobileAutomation_new\demo\browserstack.yml
19:45:49.622 [main] DEBUG c.b.config.BrowserStackConfig - Cli Config passed - {}
19:45:49.631 [main] INFO  c.browserstack.utils.UtilityMethods - BrowserStack Yml Detected : C:\Users\yatharth.dubey\mobileAutomation_new\demo\browserstack.yml
19:45:49.647 [main] DEBUG c.b.config.BrowserStackConfig - Cli Config passed - {}
19:45:49.657 [main] INFO  c.browserstack.utils.UtilityMethods - BrowserStack Yml Detected : C:\Users\yatharth.dubey\mobileAutomation_new\demo\browserstack.yml
19:45:54.555 [main] INFO  c.browserstack.BrowserStackJavaAgent - Project and debug logs are captured by default. To disable, set disableAutoCaptureLogs: true in config.
19:45:54.766 [main] INFO  c.browserstack.BrowserStackJavaAgent - Project and debug logs are captured by default. To disable, set disableAutoCaptureLogs: true in config.
19:45:54.775 [main] INFO  c.browserstack.BrowserStackJavaAgent - Project and debug logs are captured by default. To disable, set disableAutoCaptureLogs: true in config.
19:45:54.929 [main] WARN  c.b.config.BrowserStackConfig - Test Observability could not be enabled. Your cucumber-core dependency version is 6.8.1 which is lower than the minimum version we currently support (7.3.0).
19:45:54.929 [main] WARN  c.b.config.BrowserStackConfig - Test Observability could not be enabled because framework detected is cucumber. We currently support frameworks testng, cucumber-testng & serenity
19:45:55.182 [main] WARN  c.b.config.BrowserStackConfig - Test Observability could not be enabled. Your cucumber-core dependency version is 6.8.1 which is lower than the minimum version we currently support (7.3.0).
19:45:55.182 [main] WARN  c.b.config.BrowserStackConfig - Test Observability could not be enabled because framework detected is cucumber. We currently support frameworks testng, cucumber-testng & serenity
19:45:55.212 [main] WARN  c.b.config.BrowserStackConfig - Test Observability could not be enabled. Your cucumber-core dependency version is 6.8.1 which is lower than the minimum version we currently support (7.3.0).
19:45:55.212 [main] WARN  c.b.config.BrowserStackConfig - Test Observability could not be enabled because framework detected is cucumber. We currently support frameworks testng, cucumber-testng & serenity
19:45:55.683 [main] INFO  c.browserstack.BrowserStackJavaAgent - Project and debug logs are captured by default. To disable, set disableAutoCaptureLogs: true in config.
19:45:56.324 [main] WARN  c.b.config.BrowserStackConfig - Test Observability could not be enabled. Your cucumber-core dependency version is 6.8.1 which is lower than the minimum version we currently support (7.3.0).
19:45:56.324 [main] WARN  c.b.config.BrowserStackConfig - Test Observability could not be enabled because framework detected is cucumber. We currently support frameworks testng, cucumber-testng & serenity
19:49:07.393 [Thread-0] INFO  com.browserstack.PercyFactory - Percy stopped successfully
19:49:18.318 [Thread-0] INFO  c.browserstack.utils.UtilityMethods - View build on BrowserStack dashboard: https://automate.browserstack.com/dashboard/v2/builds/4a023fa203b89025abfe2d1a89f2061078a25582
19:49:18.319 [Thread-0] INFO  c.b.config.BrowserStackConfig - INFO
19:50:37.508 [main] INFO  c.browserstack.BrowserStackJavaAgent - Selenium version detected - 4.21.0
19:50:37.514 [main] INFO  c.browserstack.BrowserStackJavaAgent - Appium version detected - 9.2.1
19:50:37.854 [main] DEBUG c.b.config.BrowserStackConfig - Cli Config passed - {}
19:50:37.859 [main] INFO  c.browserstack.utils.UtilityMethods - BrowserStack Yml Detected : C:\Users\yatharth.dubey\mobileAutomation_new\demo\browserstack.yml
19:50:39.303 [main] INFO  c.browserstack.BrowserStackJavaAgent - Framework set to cucumber
19:50:44.302 [main] WARN  c.b.config.BrowserStackConfig - Test Observability could not be enabled. Your cucumber-core dependency version is 6.8.1 which is lower than the minimum version we currently support (7.3.0).
19:50:44.302 [main] WARN  c.b.config.BrowserStackConfig - Test Observability could not be enabled because framework detected is cucumber. We currently support frameworks testng, cucumber-testng & serenity
19:50:44.810 [main] INFO  c.browserstack.BrowserStackJavaAgent - Project and debug logs are captured by default. To disable, set disableAutoCaptureLogs: true in config.
19:50:47.583 [main] INFO  c.browserstack.BrowserStackJavaAgent - Starting Percy......
19:50:58.016 [Thread-4] INFO  com.browserstack.percy.Percy - Percy started successfully
19:50:58.017 [main] INFO  c.browserstack.BrowserStackJavaAgent - Starting BrowserStack Local......
19:51:07.651 [main] INFO  com.browserstack.LocalFactory - BrowserStack Local Started Successfully.
19:51:10.791 [main] DEBUG c.b.config.BrowserStackConfig - Cli Config passed - {}
19:51:10.801 [main] INFO  c.browserstack.utils.UtilityMethods - BrowserStack Yml Detected : C:\Users\yatharth.dubey\mobileAutomation_new\demo\browserstack.yml
19:51:10.829 [main] DEBUG c.b.config.BrowserStackConfig - Cli Config passed - {}
19:51:10.839 [main] INFO  c.browserstack.utils.UtilityMethods - BrowserStack Yml Detected : C:\Users\yatharth.dubey\mobileAutomation_new\demo\browserstack.yml
19:51:10.851 [main] DEBUG c.b.config.BrowserStackConfig - Cli Config passed - {}
19:51:10.861 [main] INFO  c.browserstack.utils.UtilityMethods - BrowserStack Yml Detected : C:\Users\yatharth.dubey\mobileAutomation_new\demo\browserstack.yml
19:51:10.968 [main] DEBUG c.b.config.BrowserStackConfig - Cli Config passed - {}
19:51:10.979 [main] INFO  c.browserstack.utils.UtilityMethods - BrowserStack Yml Detected : C:\Users\yatharth.dubey\mobileAutomation_new\demo\browserstack.yml
19:51:16.572 [main] INFO  c.browserstack.BrowserStackJavaAgent - Project and debug logs are captured by default. To disable, set disableAutoCaptureLogs: true in config.
19:51:16.814 [main] WARN  c.b.config.BrowserStackConfig - Test Observability could not be enabled. Your cucumber-core dependency version is 6.8.1 which is lower than the minimum version we currently support (7.3.0).
19:51:16.815 [main] WARN  c.b.config.BrowserStackConfig - Test Observability could not be enabled because framework detected is cucumber. We currently support frameworks testng, cucumber-testng & serenity
19:51:16.975 [main] INFO  c.browserstack.BrowserStackJavaAgent - Project and debug logs are captured by default. To disable, set disableAutoCaptureLogs: true in config.
19:51:16.975 [main] INFO  c.browserstack.BrowserStackJavaAgent - Project and debug logs are captured by default. To disable, set disableAutoCaptureLogs: true in config.
19:51:17.325 [main] INFO  c.browserstack.BrowserStackJavaAgent - Project and debug logs are captured by default. To disable, set disableAutoCaptureLogs: true in config.
19:51:17.380 [main] WARN  c.b.config.BrowserStackConfig - Test Observability could not be enabled. Your cucumber-core dependency version is 6.8.1 which is lower than the minimum version we currently support (7.3.0).
19:51:17.381 [main] WARN  c.b.config.BrowserStackConfig - Test Observability could not be enabled because framework detected is cucumber. We currently support frameworks testng, cucumber-testng & serenity
19:51:17.468 [main] WARN  c.b.config.BrowserStackConfig - Test Observability could not be enabled. Your cucumber-core dependency version is 6.8.1 which is lower than the minimum version we currently support (7.3.0).
19:51:17.470 [main] WARN  c.b.config.BrowserStackConfig - Test Observability could not be enabled because framework detected is cucumber. We currently support frameworks testng, cucumber-testng & serenity
19:51:18.530 [main] WARN  c.b.config.BrowserStackConfig - Test Observability could not be enabled. Your cucumber-core dependency version is 6.8.1 which is lower than the minimum version we currently support (7.3.0).
19:51:18.530 [main] WARN  c.b.config.BrowserStackConfig - Test Observability could not be enabled because framework detected is cucumber. We currently support frameworks testng, cucumber-testng & serenity
19:55:09.455 [Thread-0] INFO  com.browserstack.PercyFactory - Percy stopped successfully
19:55:20.558 [Thread-0] INFO  c.browserstack.utils.UtilityMethods - View build on BrowserStack dashboard: https://automate.browserstack.com/dashboard/v2/builds/61f46694903446bdec316564a2404abdce6ade2d
19:55:20.563 [Thread-0] INFO  c.b.config.BrowserStackConfig - INFO
15:35:15.957 [main] INFO  c.browserstack.BrowserStackJavaAgent - Selenium version detected - 4.21.0
15:35:15.968 [main] INFO  c.browserstack.BrowserStackJavaAgent - Appium version detected - 9.2.1
15:35:16.996 [main] DEBUG c.b.config.BrowserStackConfig - Cli Config passed - {}
15:35:17.004 [main] INFO  c.browserstack.utils.UtilityMethods - BrowserStack Yml Detected : C:\Users\yatharth.dubey\mobileAutomation_new\demo\browserstack.yml
15:35:18.723 [main] INFO  c.browserstack.BrowserStackJavaAgent - Framework set to cucumber
15:35:23.546 [main] WARN  c.b.config.BrowserStackConfig - Test Observability could not be enabled. Your cucumber-core dependency version is 6.8.1 which is lower than the minimum version we currently support (7.3.0).
15:35:23.546 [main] WARN  c.b.config.BrowserStackConfig - Test Observability could not be enabled because framework detected is cucumber. We currently support frameworks testng, cucumber-testng & serenity
15:35:24.343 [main] INFO  c.browserstack.BrowserStackJavaAgent - Project and debug logs are captured by default. To disable, set disableAutoCaptureLogs: true in config.
15:35:27.123 [main] INFO  c.browserstack.BrowserStackJavaAgent - Starting Percy......
15:35:47.395 [Thread-4] INFO  com.browserstack.percy.Percy - Percy started successfully
15:35:47.395 [main] INFO  c.browserstack.BrowserStackJavaAgent - Starting BrowserStack Local......
15:36:01.334 [main] INFO  com.browserstack.LocalFactory - BrowserStack Local Started Successfully.
15:36:04.294 [main] DEBUG c.b.config.BrowserStackConfig - Cli Config passed - {}
15:36:04.309 [main] INFO  c.browserstack.utils.UtilityMethods - BrowserStack Yml Detected : C:\Users\yatharth.dubey\mobileAutomation_new\demo\browserstack.yml
15:36:04.672 [main] DEBUG c.b.config.BrowserStackConfig - Cli Config passed - {}
15:36:04.683 [main] INFO  c.browserstack.utils.UtilityMethods - BrowserStack Yml Detected : C:\Users\yatharth.dubey\mobileAutomation_new\demo\browserstack.yml
15:36:04.707 [main] DEBUG c.b.config.BrowserStackConfig - Cli Config passed - {}
15:36:04.721 [main] INFO  c.browserstack.utils.UtilityMethods - BrowserStack Yml Detected : C:\Users\yatharth.dubey\mobileAutomation_new\demo\browserstack.yml
15:36:04.724 [main] DEBUG c.b.config.BrowserStackConfig - Cli Config passed - {}
15:36:04.745 [main] INFO  c.browserstack.utils.UtilityMethods - BrowserStack Yml Detected : C:\Users\yatharth.dubey\mobileAutomation_new\demo\browserstack.yml
15:36:11.643 [main] INFO  c.browserstack.BrowserStackJavaAgent - Project and debug logs are captured by default. To disable, set disableAutoCaptureLogs: true in config.
15:36:11.702 [main] INFO  c.browserstack.BrowserStackJavaAgent - Project and debug logs are captured by default. To disable, set disableAutoCaptureLogs: true in config.
15:36:11.732 [main] INFO  c.browserstack.BrowserStackJavaAgent - Project and debug logs are captured by default. To disable, set disableAutoCaptureLogs: true in config.
15:36:11.966 [main] INFO  c.browserstack.BrowserStackJavaAgent - Project and debug logs are captured by default. To disable, set disableAutoCaptureLogs: true in config.
15:36:12.172 [main] WARN  c.b.config.BrowserStackConfig - Test Observability could not be enabled. Your cucumber-core dependency version is 6.8.1 which is lower than the minimum version we currently support (7.3.0).
15:36:12.172 [main] WARN  c.b.config.BrowserStackConfig - Test Observability could not be enabled because framework detected is cucumber. We currently support frameworks testng, cucumber-testng & serenity
15:36:12.230 [main] WARN  c.b.config.BrowserStackConfig - Test Observability could not be enabled. Your cucumber-core dependency version is 6.8.1 which is lower than the minimum version we currently support (7.3.0).
15:36:12.231 [main] WARN  c.b.config.BrowserStackConfig - Test Observability could not be enabled because framework detected is cucumber. We currently support frameworks testng, cucumber-testng & serenity
15:36:12.244 [main] WARN  c.b.config.BrowserStackConfig - Test Observability could not be enabled. Your cucumber-core dependency version is 6.8.1 which is lower than the minimum version we currently support (7.3.0).
15:36:12.245 [main] WARN  c.b.config.BrowserStackConfig - Test Observability could not be enabled because framework detected is cucumber. We currently support frameworks testng, cucumber-testng & serenity
15:36:12.515 [main] WARN  c.b.config.BrowserStackConfig - Test Observability could not be enabled. Your cucumber-core dependency version is 6.8.1 which is lower than the minimum version we currently support (7.3.0).
15:36:12.516 [main] WARN  c.b.config.BrowserStackConfig - Test Observability could not be enabled because framework detected is cucumber. We currently support frameworks testng, cucumber-testng & serenity
15:39:40.523 [Thread-0] INFO  com.browserstack.PercyFactory - Percy stopped successfully
15:39:49.446 [Thread-0] INFO  c.browserstack.utils.UtilityMethods - View build on BrowserStack dashboard: https://automate.browserstack.com/dashboard/v2/builds/2be476918cba6029cd8d4c5947b871b80b581c8a
15:39:49.446 [Thread-0] INFO  c.b.config.BrowserStackConfig - INFO
15:39:59.713 [main] INFO  c.browserstack.BrowserStackJavaAgent - Selenium version detected - 4.21.0
15:39:59.718 [main] INFO  c.browserstack.BrowserStackJavaAgent - Appium version detected - 9.2.1
15:40:00.071 [main] DEBUG c.b.config.BrowserStackConfig - Cli Config passed - {}
15:40:00.074 [main] INFO  c.browserstack.utils.UtilityMethods - BrowserStack Yml Detected : C:\Users\yatharth.dubey\mobileAutomation_new\demo\browserstack.yml
15:40:01.572 [main] INFO  c.browserstack.BrowserStackJavaAgent - Framework set to cucumber
15:40:05.698 [main] WARN  c.b.config.BrowserStackConfig - Test Observability could not be enabled. Your cucumber-core dependency version is 6.8.1 which is lower than the minimum version we currently support (7.3.0).
15:40:05.698 [main] WARN  c.b.config.BrowserStackConfig - Test Observability could not be enabled because framework detected is cucumber. We currently support frameworks testng, cucumber-testng & serenity
15:40:06.360 [main] INFO  c.browserstack.BrowserStackJavaAgent - Project and debug logs are captured by default. To disable, set disableAutoCaptureLogs: true in config.
15:40:09.319 [main] INFO  c.browserstack.BrowserStackJavaAgent - Starting Percy......
15:40:20.507 [Thread-4] INFO  com.browserstack.percy.Percy - Percy started successfully
15:40:20.508 [main] INFO  c.browserstack.BrowserStackJavaAgent - Starting BrowserStack Local......
15:40:31.284 [main] INFO  com.browserstack.LocalFactory - BrowserStack Local Started Successfully.
15:40:34.704 [main] DEBUG c.b.config.BrowserStackConfig - Cli Config passed - {}
15:40:34.715 [main] INFO  c.browserstack.utils.UtilityMethods - BrowserStack Yml Detected : C:\Users\yatharth.dubey\mobileAutomation_new\demo\browserstack.yml
15:40:34.834 [main] DEBUG c.b.config.BrowserStackConfig - Cli Config passed - {}
15:40:34.844 [main] INFO  c.browserstack.utils.UtilityMethods - BrowserStack Yml Detected : C:\Users\yatharth.dubey\mobileAutomation_new\demo\browserstack.yml
15:40:34.836 [main] DEBUG c.b.config.BrowserStackConfig - Cli Config passed - {}
15:40:34.852 [main] INFO  c.browserstack.utils.UtilityMethods - BrowserStack Yml Detected : C:\Users\yatharth.dubey\mobileAutomation_new\demo\browserstack.yml
15:40:34.946 [main] DEBUG c.b.config.BrowserStackConfig - Cli Config passed - {}
15:40:34.963 [main] INFO  c.browserstack.utils.UtilityMethods - BrowserStack Yml Detected : C:\Users\yatharth.dubey\mobileAutomation_new\demo\browserstack.yml
15:40:34.968 [main] DEBUG c.b.config.BrowserStackConfig - Cli Config passed - {}
15:40:34.999 [main] INFO  c.browserstack.utils.UtilityMethods - BrowserStack Yml Detected : C:\Users\yatharth.dubey\mobileAutomation_new\demo\browserstack.yml
15:40:40.050 [main] INFO  c.browserstack.BrowserStackJavaAgent - Project and debug logs are captured by default. To disable, set disableAutoCaptureLogs: true in config.
15:40:40.050 [main] INFO  c.browserstack.BrowserStackJavaAgent - Project and debug logs are captured by default. To disable, set disableAutoCaptureLogs: true in config.
15:40:40.351 [main] INFO  c.browserstack.BrowserStackJavaAgent - Project and debug logs are captured by default. To disable, set disableAutoCaptureLogs: true in config.
15:40:40.351 [main] INFO  c.browserstack.BrowserStackJavaAgent - Project and debug logs are captured by default. To disable, set disableAutoCaptureLogs: true in config.
15:40:40.423 [main] WARN  c.b.config.BrowserStackConfig - Test Observability could not be enabled. Your cucumber-core dependency version is 6.8.1 which is lower than the minimum version we currently support (7.3.0).
15:40:40.424 [main] WARN  c.b.config.BrowserStackConfig - Test Observability could not be enabled because framework detected is cucumber. We currently support frameworks testng, cucumber-testng & serenity
15:40:40.456 [main] WARN  c.b.config.BrowserStackConfig - Test Observability could not be enabled. Your cucumber-core dependency version is 6.8.1 which is lower than the minimum version we currently support (7.3.0).
15:40:40.456 [main] WARN  c.b.config.BrowserStackConfig - Test Observability could not be enabled because framework detected is cucumber. We currently support frameworks testng, cucumber-testng & serenity
15:40:40.653 [main] INFO  c.browserstack.BrowserStackJavaAgent - Project and debug logs are captured by default. To disable, set disableAutoCaptureLogs: true in config.
15:40:40.843 [main] WARN  c.b.config.BrowserStackConfig - Test Observability could not be enabled. Your cucumber-core dependency version is 6.8.1 which is lower than the minimum version we currently support (7.3.0).
15:40:40.853 [main] WARN  c.b.config.BrowserStackConfig - Test Observability could not be enabled because framework detected is cucumber. We currently support frameworks testng, cucumber-testng & serenity
15:40:41.108 [main] WARN  c.b.config.BrowserStackConfig - Test Observability could not be enabled. Your cucumber-core dependency version is 6.8.1 which is lower than the minimum version we currently support (7.3.0).
15:40:41.108 [main] WARN  c.b.config.BrowserStackConfig - Test Observability could not be enabled because framework detected is cucumber. We currently support frameworks testng, cucumber-testng & serenity
15:40:41.192 [main] WARN  c.b.config.BrowserStackConfig - Test Observability could not be enabled. Your cucumber-core dependency version is 6.8.1 which is lower than the minimum version we currently support (7.3.0).
15:40:41.192 [main] WARN  c.b.config.BrowserStackConfig - Test Observability could not be enabled because framework detected is cucumber. We currently support frameworks testng, cucumber-testng & serenity
15:44:47.511 [Thread-0] INFO  com.browserstack.PercyFactory - Percy stopped successfully
15:44:57.403 [Thread-0] INFO  c.browserstack.utils.UtilityMethods - View build on BrowserStack dashboard: https://automate.browserstack.com/dashboard/v2/builds/17be3dca700b5b31ee41103c750b35772b600862
15:44:57.403 [Thread-0] INFO  c.b.config.BrowserStackConfig - INFO
15:45:33.504 [main] INFO  c.browserstack.BrowserStackJavaAgent - Selenium version detected - 4.21.0
15:45:33.514 [main] INFO  c.browserstack.BrowserStackJavaAgent - Appium version detected - 9.2.1
15:45:33.839 [main] DEBUG c.b.config.BrowserStackConfig - Cli Config passed - {}
15:45:33.842 [main] INFO  c.browserstack.utils.UtilityMethods - BrowserStack Yml Detected : C:\Users\yatharth.dubey\mobileAutomation_new\demo\browserstack.yml
15:45:35.547 [main] INFO  c.browserstack.BrowserStackJavaAgent - Framework set to cucumber
15:45:42.065 [main] WARN  c.b.config.BrowserStackConfig - Test Observability could not be enabled. Your cucumber-core dependency version is 6.8.1 which is lower than the minimum version we currently support (7.3.0).
15:45:42.065 [main] WARN  c.b.config.BrowserStackConfig - Test Observability could not be enabled because framework detected is cucumber. We currently support frameworks testng, cucumber-testng & serenity
15:45:44.064 [main] INFO  c.browserstack.BrowserStackJavaAgent - Project and debug logs are captured by default. To disable, set disableAutoCaptureLogs: true in config.
15:45:48.272 [main] INFO  c.browserstack.BrowserStackJavaAgent - Starting Percy......
15:46:00.020 [Thread-4] INFO  com.browserstack.percy.Percy - Percy started successfully
15:46:00.021 [main] INFO  c.browserstack.BrowserStackJavaAgent - Starting BrowserStack Local......
15:46:12.043 [main] INFO  com.browserstack.LocalFactory - BrowserStack Local Started Successfully.
15:46:15.137 [main] DEBUG c.b.config.BrowserStackConfig - Cli Config passed - {}
15:46:15.150 [main] INFO  c.browserstack.utils.UtilityMethods - BrowserStack Yml Detected : C:\Users\yatharth.dubey\mobileAutomation_new\demo\browserstack.yml
15:46:15.184 [main] DEBUG c.b.config.BrowserStackConfig - Cli Config passed - {}
15:46:15.192 [main] INFO  c.browserstack.utils.UtilityMethods - BrowserStack Yml Detected : C:\Users\yatharth.dubey\mobileAutomation_new\demo\browserstack.yml
15:46:15.689 [main] DEBUG c.b.config.BrowserStackConfig - Cli Config passed - {}
15:46:15.700 [main] INFO  c.browserstack.utils.UtilityMethods - BrowserStack Yml Detected : C:\Users\yatharth.dubey\mobileAutomation_new\demo\browserstack.yml
15:46:15.766 [main] DEBUG c.b.config.BrowserStackConfig - Cli Config passed - {}
15:46:15.775 [main] INFO  c.browserstack.utils.UtilityMethods - BrowserStack Yml Detected : C:\Users\yatharth.dubey\mobileAutomation_new\demo\browserstack.yml
15:46:16.055 [main] DEBUG c.b.config.BrowserStackConfig - Cli Config passed - {}
15:46:16.066 [main] INFO  c.browserstack.utils.UtilityMethods - BrowserStack Yml Detected : C:\Users\yatharth.dubey\mobileAutomation_new\demo\browserstack.yml
15:46:20.630 [main] INFO  c.browserstack.BrowserStackJavaAgent - Project and debug logs are captured by default. To disable, set disableAutoCaptureLogs: true in config.
15:46:20.712 [main] INFO  c.browserstack.BrowserStackJavaAgent - Project and debug logs are captured by default. To disable, set disableAutoCaptureLogs: true in config.
15:46:20.721 [main] INFO  c.browserstack.BrowserStackJavaAgent - Project and debug logs are captured by default. To disable, set disableAutoCaptureLogs: true in config.
15:46:21.025 [main] INFO  c.browserstack.BrowserStackJavaAgent - Project and debug logs are captured by default. To disable, set disableAutoCaptureLogs: true in config.
15:46:21.116 [main] WARN  c.b.config.BrowserStackConfig - Test Observability could not be enabled. Your cucumber-core dependency version is 6.8.1 which is lower than the minimum version we currently support (7.3.0).
15:46:21.116 [main] WARN  c.b.config.BrowserStackConfig - Test Observability could not be enabled because framework detected is cucumber. We currently support frameworks testng, cucumber-testng & serenity
15:46:21.252 [main] WARN  c.b.config.BrowserStackConfig - Test Observability could not be enabled. Your cucumber-core dependency version is 6.8.1 which is lower than the minimum version we currently support (7.3.0).
15:46:21.253 [main] WARN  c.b.config.BrowserStackConfig - Test Observability could not be enabled because framework detected is cucumber. We currently support frameworks testng, cucumber-testng & serenity
15:46:21.319 [main] WARN  c.b.config.BrowserStackConfig - Test Observability could not be enabled. Your cucumber-core dependency version is 6.8.1 which is lower than the minimum version we currently support (7.3.0).
15:46:21.322 [main] WARN  c.b.config.BrowserStackConfig - Test Observability could not be enabled because framework detected is cucumber. We currently support frameworks testng, cucumber-testng & serenity
15:46:21.542 [main] WARN  c.b.config.BrowserStackConfig - Test Observability could not be enabled. Your cucumber-core dependency version is 6.8.1 which is lower than the minimum version we currently support (7.3.0).
15:46:21.543 [main] WARN  c.b.config.BrowserStackConfig - Test Observability could not be enabled because framework detected is cucumber. We currently support frameworks testng, cucumber-testng & serenity
15:46:21.958 [main] INFO  c.browserstack.BrowserStackJavaAgent - Project and debug logs are captured by default. To disable, set disableAutoCaptureLogs: true in config.
15:46:22.519 [main] WARN  c.b.config.BrowserStackConfig - Test Observability could not be enabled. Your cucumber-core dependency version is 6.8.1 which is lower than the minimum version we currently support (7.3.0).
15:46:22.519 [main] WARN  c.b.config.BrowserStackConfig - Test Observability could not be enabled because framework detected is cucumber. We currently support frameworks testng, cucumber-testng & serenity
15:50:26.255 [Thread-0] INFO  com.browserstack.PercyFactory - Percy stopped successfully
15:50:35.786 [Thread-0] INFO  c.browserstack.utils.UtilityMethods - View build on BrowserStack dashboard: https://automate.browserstack.com/dashboard/v2/builds/cadbba2d45377f1700e7b58896a4d97102e7a569
15:50:35.786 [Thread-0] INFO  c.b.config.BrowserStackConfig - INFO
16:52:13.246 [main] INFO  c.browserstack.BrowserStackJavaAgent - Selenium version detected - 4.21.0
16:52:13.252 [main] INFO  c.browserstack.BrowserStackJavaAgent - Appium version detected - 9.2.1
16:52:13.594 [main] DEBUG c.b.config.BrowserStackConfig - Cli Config passed - {}
16:52:13.600 [main] INFO  c.browserstack.utils.UtilityMethods - BrowserStack Yml Detected : C:\Users\yatharth.dubey\mobileAutomation_new\demo\browserstack.yml
16:52:15.681 [main] INFO  c.browserstack.BrowserStackJavaAgent - Framework set to cucumber
16:52:20.106 [main] WARN  c.b.config.BrowserStackConfig - Test Observability could not be enabled. Your cucumber-core dependency version is 6.8.1 which is lower than the minimum version we currently support (7.3.0).
16:52:20.106 [main] WARN  c.b.config.BrowserStackConfig - Test Observability could not be enabled because framework detected is cucumber. We currently support frameworks testng, cucumber-testng & serenity
16:52:21.888 [main] INFO  c.browserstack.BrowserStackJavaAgent - Project and debug logs are captured by default. To disable, set disableAutoCaptureLogs: true in config.
16:52:25.147 [main] INFO  c.browserstack.BrowserStackJavaAgent - Starting Percy......
16:52:44.047 [Thread-4] INFO  com.browserstack.percy.Percy - Percy started successfully
16:52:44.047 [main] INFO  c.browserstack.BrowserStackJavaAgent - Starting BrowserStack Local......
16:53:01.278 [main] INFO  com.browserstack.LocalFactory - BrowserStack Local Started Successfully.
16:53:04.989 [main] DEBUG c.b.config.BrowserStackConfig - Cli Config passed - {}
16:53:05.001 [main] INFO  c.browserstack.utils.UtilityMethods - BrowserStack Yml Detected : C:\Users\yatharth.dubey\mobileAutomation_new\demo\browserstack.yml
16:53:05.100 [main] DEBUG c.b.config.BrowserStackConfig - Cli Config passed - {}
16:53:05.152 [main] INFO  c.browserstack.utils.UtilityMethods - BrowserStack Yml Detected : C:\Users\yatharth.dubey\mobileAutomation_new\demo\browserstack.yml
16:53:05.235 [main] DEBUG c.b.config.BrowserStackConfig - Cli Config passed - {}
16:53:05.247 [main] DEBUG c.b.config.BrowserStackConfig - Cli Config passed - {}
16:53:05.258 [main] INFO  c.browserstack.utils.UtilityMethods - BrowserStack Yml Detected : C:\Users\yatharth.dubey\mobileAutomation_new\demo\browserstack.yml
16:53:05.262 [main] INFO  c.browserstack.utils.UtilityMethods - BrowserStack Yml Detected : C:\Users\yatharth.dubey\mobileAutomation_new\demo\browserstack.yml
16:53:05.530 [main] DEBUG c.b.config.BrowserStackConfig - Cli Config passed - {}
16:53:05.552 [main] INFO  c.browserstack.utils.UtilityMethods - BrowserStack Yml Detected : C:\Users\yatharth.dubey\mobileAutomation_new\demo\browserstack.yml
16:53:11.303 [main] INFO  c.browserstack.BrowserStackJavaAgent - Project and debug logs are captured by default. To disable, set disableAutoCaptureLogs: true in config.
16:53:11.304 [main] INFO  c.browserstack.BrowserStackJavaAgent - Project and debug logs are captured by default. To disable, set disableAutoCaptureLogs: true in config.
16:53:11.378 [main] INFO  c.browserstack.BrowserStackJavaAgent - Project and debug logs are captured by default. To disable, set disableAutoCaptureLogs: true in config.
16:53:11.401 [main] INFO  c.browserstack.BrowserStackJavaAgent - Project and debug logs are captured by default. To disable, set disableAutoCaptureLogs: true in config.
16:53:11.417 [main] INFO  c.browserstack.BrowserStackJavaAgent - Project and debug logs are captured by default. To disable, set disableAutoCaptureLogs: true in config.
16:53:12.211 [main] WARN  c.b.config.BrowserStackConfig - Test Observability could not be enabled. Your cucumber-core dependency version is 6.8.1 which is lower than the minimum version we currently support (7.3.0).
16:53:12.212 [main] WARN  c.b.config.BrowserStackConfig - Test Observability could not be enabled because framework detected is cucumber. We currently support frameworks testng, cucumber-testng & serenity
16:53:12.296 [main] WARN  c.b.config.BrowserStackConfig - Test Observability could not be enabled. Your cucumber-core dependency version is 6.8.1 which is lower than the minimum version we currently support (7.3.0).
16:53:12.297 [main] WARN  c.b.config.BrowserStackConfig - Test Observability could not be enabled because framework detected is cucumber. We currently support frameworks testng, cucumber-testng & serenity
16:53:12.328 [main] WARN  c.b.config.BrowserStackConfig - Test Observability could not be enabled. Your cucumber-core dependency version is 6.8.1 which is lower than the minimum version we currently support (7.3.0).
16:53:12.328 [main] WARN  c.b.config.BrowserStackConfig - Test Observability could not be enabled because framework detected is cucumber. We currently support frameworks testng, cucumber-testng & serenity
16:53:12.393 [main] WARN  c.b.config.BrowserStackConfig - Test Observability could not be enabled. Your cucumber-core dependency version is 6.8.1 which is lower than the minimum version we currently support (7.3.0).
16:53:12.393 [main] WARN  c.b.config.BrowserStackConfig - Test Observability could not be enabled because framework detected is cucumber. We currently support frameworks testng, cucumber-testng & serenity
16:53:12.439 [main] WARN  c.b.config.BrowserStackConfig - Test Observability could not be enabled. Your cucumber-core dependency version is 6.8.1 which is lower than the minimum version we currently support (7.3.0).
16:53:12.487 [main] WARN  c.b.config.BrowserStackConfig - Test Observability could not be enabled because framework detected is cucumber. We currently support frameworks testng, cucumber-testng & serenity
16:56:50.996 [Thread-0] INFO  com.browserstack.PercyFactory - Percy stopped successfully
16:56:58.163 [Thread-0] INFO  c.browserstack.utils.UtilityMethods - View build on BrowserStack dashboard: https://automate.browserstack.com/dashboard/v2/builds/4108ac2dc87cf980b7fc089b4105689e84b64612
16:56:58.164 [Thread-0] INFO  c.b.config.BrowserStackConfig - INFO
17:01:25.363 [main] INFO  c.browserstack.BrowserStackJavaAgent - Selenium version detected - 4.21.0
17:01:25.365 [main] INFO  c.browserstack.BrowserStackJavaAgent - Appium version detected - 9.2.1
17:01:25.652 [main] DEBUG c.b.config.BrowserStackConfig - Cli Config passed - {}
17:01:25.656 [main] INFO  c.browserstack.utils.UtilityMethods - BrowserStack Yml Detected : C:\Users\yatharth.dubey\mobileAutomation_new\demo\browserstack.yml
17:01:26.614 [main] INFO  c.browserstack.BrowserStackJavaAgent - Framework set to cucumber
17:01:32.057 [main] WARN  c.b.config.BrowserStackConfig - Test Observability could not be enabled. Your cucumber-core dependency version is 6.8.1 which is lower than the minimum version we currently support (7.3.0).
17:01:32.057 [main] WARN  c.b.config.BrowserStackConfig - Test Observability could not be enabled because framework detected is cucumber. We currently support frameworks testng, cucumber-testng & serenity
17:01:39.715 [main] INFO  c.browserstack.BrowserStackJavaAgent - Project and debug logs are captured by default. To disable, set disableAutoCaptureLogs: true in config.
17:01:43.598 [main] INFO  c.browserstack.BrowserStackJavaAgent - Starting Percy......
17:01:54.054 [Thread-4] INFO  com.browserstack.percy.Percy - Percy started successfully
17:01:54.055 [main] INFO  c.browserstack.BrowserStackJavaAgent - Starting BrowserStack Local......
17:02:01.896 [main] INFO  com.browserstack.LocalFactory - BrowserStack Local Started Successfully.
17:02:06.515 [main] DEBUG c.b.config.BrowserStackConfig - Cli Config passed - {}
17:02:06.554 [main] INFO  c.browserstack.utils.UtilityMethods - BrowserStack Yml Detected : C:\Users\yatharth.dubey\mobileAutomation_new\demo\browserstack.yml
17:02:06.780 [main] DEBUG c.b.config.BrowserStackConfig - Cli Config passed - {}
17:02:06.801 [main] INFO  c.browserstack.utils.UtilityMethods - BrowserStack Yml Detected : C:\Users\yatharth.dubey\mobileAutomation_new\demo\browserstack.yml
17:02:07.064 [main] DEBUG c.b.config.BrowserStackConfig - Cli Config passed - {}
17:02:07.080 [main] INFO  c.browserstack.utils.UtilityMethods - BrowserStack Yml Detected : C:\Users\yatharth.dubey\mobileAutomation_new\demo\browserstack.yml
17:02:07.096 [main] DEBUG c.b.config.BrowserStackConfig - Cli Config passed - {}
17:02:07.140 [main] INFO  c.browserstack.utils.UtilityMethods - BrowserStack Yml Detected : C:\Users\yatharth.dubey\mobileAutomation_new\demo\browserstack.yml
17:02:07.711 [main] DEBUG c.b.config.BrowserStackConfig - Cli Config passed - {}
17:02:07.728 [main] INFO  c.browserstack.utils.UtilityMethods - BrowserStack Yml Detected : C:\Users\yatharth.dubey\mobileAutomation_new\demo\browserstack.yml
17:02:14.360 [main] INFO  c.browserstack.BrowserStackJavaAgent - Project and debug logs are captured by default. To disable, set disableAutoCaptureLogs: true in config.
17:02:14.368 [main] INFO  c.browserstack.BrowserStackJavaAgent - Project and debug logs are captured by default. To disable, set disableAutoCaptureLogs: true in config.
17:02:14.656 [main] INFO  c.browserstack.BrowserStackJavaAgent - Project and debug logs are captured by default. To disable, set disableAutoCaptureLogs: true in config.
17:02:14.663 [main] INFO  c.browserstack.BrowserStackJavaAgent - Project and debug logs are captured by default. To disable, set disableAutoCaptureLogs: true in config.
17:02:14.694 [main] WARN  c.b.config.BrowserStackConfig - Test Observability could not be enabled. Your cucumber-core dependency version is 6.8.1 which is lower than the minimum version we currently support (7.3.0).
17:02:14.694 [main] WARN  c.b.config.BrowserStackConfig - Test Observability could not be enabled because framework detected is cucumber. We currently support frameworks testng, cucumber-testng & serenity
17:02:14.705 [main] INFO  c.browserstack.BrowserStackJavaAgent - Project and debug logs are captured by default. To disable, set disableAutoCaptureLogs: true in config.
17:02:15.192 [main] WARN  c.b.config.BrowserStackConfig - Test Observability could not be enabled. Your cucumber-core dependency version is 6.8.1 which is lower than the minimum version we currently support (7.3.0).
17:02:15.192 [main] WARN  c.b.config.BrowserStackConfig - Test Observability could not be enabled because framework detected is cucumber. We currently support frameworks testng, cucumber-testng & serenity
17:02:15.306 [main] WARN  c.b.config.BrowserStackConfig - Test Observability could not be enabled. Your cucumber-core dependency version is 6.8.1 which is lower than the minimum version we currently support (7.3.0).
17:02:15.307 [main] WARN  c.b.config.BrowserStackConfig - Test Observability could not be enabled because framework detected is cucumber. We currently support frameworks testng, cucumber-testng & serenity
17:02:15.485 [main] WARN  c.b.config.BrowserStackConfig - Test Observability could not be enabled. Your cucumber-core dependency version is 6.8.1 which is lower than the minimum version we currently support (7.3.0).
17:02:15.488 [main] WARN  c.b.config.BrowserStackConfig - Test Observability could not be enabled because framework detected is cucumber. We currently support frameworks testng, cucumber-testng & serenity
17:02:16.369 [main] WARN  c.b.config.BrowserStackConfig - Test Observability could not be enabled. Your cucumber-core dependency version is 6.8.1 which is lower than the minimum version we currently support (7.3.0).
17:02:16.371 [main] WARN  c.b.config.BrowserStackConfig - Test Observability could not be enabled because framework detected is cucumber. We currently support frameworks testng, cucumber-testng & serenity
17:06:25.584 [Thread-0] INFO  com.browserstack.PercyFactory - Percy stopped successfully
17:06:33.073 [Thread-0] INFO  c.browserstack.utils.UtilityMethods - View build on BrowserStack dashboard: https://automate.browserstack.com/dashboard/v2/builds/268e46e1ededd425967b2b00ce6114598d7fba09
17:06:33.073 [Thread-0] INFO  c.b.config.BrowserStackConfig - INFO
